Dataset,DatasetSize,Epoch,Epsilon,BatchSize,SampleRate,Steps,Sigma,Sigma_over_q,CumulativeNoise,TotalNoiseVariance,CumulativeEffectiveNoise
cifar100,5000,40,1,1,0.0002,200000.0,0.8251953125,4125.9765625,369.03856269283636,136189.46075439453,1845192.8134641817
cifar100,5000,40,1,2,0.0004,100000.0,0.9033203125,2258.30078125,285.65496441950694,81598.75869750977,714137.4110487673
cifar100,5000,40,1,4,0.0008,50000.0,1.0205078125,1275.634765625,228.19248403196096,52071.80976867676,285240.60503995116
cifar100,5000,40,1,8,0.0016,25000.0,1.240234375,775.146484375,196.09827287176964,38454.532623291016,122561.42054485602
cifar100,5000,40,1,16,0.0032,12500.0,1.62109375,506.591796875,181.2437911450025,32849.31182861328,56638.68473281328
cifar100,5000,40,1,32,0.0064,6250.0,2.1875,341.796875,172.93705954045825,29907.2265625,27021.4155531966
cifar100,5000,40,1,64,0.0128,3125.0,3.02734375,236.51123046875,169.2336604064782,28640.031814575195,13221.379719256109
cifar100,5000,40,1,128,0.0256,1562.5,4.21875,164.794921875,166.7607359854419,27809.14306640625,6514.091249431323
cifar100,5000,40,1,256,0.0512,781.25,5.9375,115.966796875,165.95817020506252,27542.1142578125,3241.370511817627
cifar100,5000,40,1,512,0.1024,390.625,8.359375,81.634521484375,165.2166550966878,27296.54312133789,1613.4438974285915
cifar100,5000,40,1,1024,0.2048,195.3125,11.71875,57.220458984375,163.77451007078537,26822.09014892578,799.6802249550067
cifar100,5000,40,1,2048,0.4096,97.65625,16.5625,40.435791015625,163.6725742079337,26788.711547851562,399.5912456248381
cifar100,5000,40,1,4096,0.8192,48.828125,23.125,28.228759765625,161.59084993650825,26111.602783203125,197.25445548890167
cifar100,5000,40,1,5000,1.0,40.0,25.625,25.625,162.06673008362944,26265.625,162.06673008362944
cifar100,5000,40,2,1,0.0002,200000.0,0.6427001953125,3213.5009765625,287.4242651742283,82612.70821094513,1437121.3258711414
cifar100,5000,40,2,2,0.0004,100000.0,0.692138671875,1730.3466796875,218.8734659808925,47905.59411048889,547183.6649522312
cifar100,5000,40,2,4,0.0008,50000.0,0.75927734375,949.0966796875,169.7795754400475,28825.104236602783,212224.46930005937
cifar100,5000,40,2,8,0.0016,25000.0,0.859375,537.109375,135.87911821036005,18463.134765625,84924.44888147502
cifar100,5000,40,2,16,0.0032,12500.0,1.02783203125,321.197509765625,114.91511456633441,13205.483555793762,35910.9733019795
cifar100,5000,40,2,32,0.0064,6250.0,1.30615234375,204.0863037109375,103.26040943542988,10662.712156772614,16134.438974285918
cifar100,5000,40,2,64,0.0128,3125.0,1.7236328125,134.6588134765625,96.35400342497873,9284.093976020813,7527.656517576463
cifar100,5000,40,2,128,0.0256,1562.5,2.333984375,91.1712646484375,92.25883310305697,8511.69228553772,3603.8606680881626
cifar100,5000,40,2,256,0.0512,781.25,3.22265625,62.9425048828125,90.07598053893196,8113.682270050049,1759.2964949010147
cifar100,5000,40,2,512,0.1024,390.625,4.4921875,43.8690185546875,88.78465110336026,7882.71427154541,867.0376084312525
cifar100,5000,40,2,1024,0.2048,195.3125,6.30859375,30.803680419921875,88.16527792143945,7773.116230964661,430.49452110077857
cifar100,5000,40,2,2048,0.4096,97.65625,8.828125,21.55303955078125,87.24057021460618,7610.917091369629,212.98967337550337
cifar100,5000,40,2,4096,0.8192,48.828125,12.265625,14.972686767578125,85.70866027037768,7345.974445343018,104.62482943161338
cifar100,5000,40,2,5000,1.0,40.0,13.59375,13.59375,85.97442388582782,7391.6015625,85.97442388582782
cifar100,5000,40,4,1,0.0002,200000.0,0.52764892578125,2638.24462890625,235.97177326032326,55682.677775621414,1179858.8663016162
cifar100,5000,40,4,2,0.0004,100000.0,0.5645751953125,1411.43798828125,178.53435276219184,31874.515116214752,446335.8819054796
cifar100,5000,40,4,4,0.0008,50000.0,0.61126708984375,764.0838623046875,136.68347652990963,18682.372756302357,170854.34566238703
cifar100,5000,40,4,8,0.0016,25000.0,0.67291259765625,420.57037353515625,106.39682374071162,11320.284102112055,66498.01483794476
cifar100,5000,40,4,16,0.0032,12500.0,0.7598876953125,237.46490478515625,84.95802709921992,7217.866368591785,26549.383468506225
cifar100,5000,40,4,32,0.0064,6250.0,0.8905029296875,139.14108276367188,70.40043802163187,4956.221673637629,11000.068440879979
cifar100,5000,40,4,64,0.0128,3125.0,1.092529296875,85.35385131835938,61.07424438056371,3730.0633266568184,4771.42534223154
cifar100,5000,40,4,128,0.0256,1562.5,1.39892578125,54.645538330078125,55.2973968285059,3057.8020960092545,2160.0545636135116
cifar100,5000,40,4,256,0.0512,781.25,1.85546875,36.2396240234375,51.861928189082036,2689.659595489502,1012.9282849430085
cifar100,5000,40,4,512,0.1024,390.625,2.5244140625,24.652481079101562,49.893113717866584,2489.3227964639664,487.2374386510408
cifar100,5000,40,4,1024,0.2048,195.3125,3.4814453125,16.999244689941406,48.65467736686249,2367.277629673481,237.57166683038324
cifar100,5000,40,4,2048,0.4096,97.65625,4.82421875,11.777877807617188,47.67349744028258,2272.762358188629,116.3903746100649
cifar100,5000,40,4,4096,0.8192,48.828125,6.640625,8.106231689453125,46.40277785338919,2153.2177925109863,56.644015934312975
cifar100,5000,40,4,5000,1.0,40.0,7.32421875,7.32421875,46.322426662622746,2145.7672119140625,46.322426662622746
cifar100,5000,40,8,1,0.0002,200000.0,0.449676513671875,2248.382568359375,201.10145049108522,40441.7933896184,1005507.252455426
cifar100,5000,40,8,2,0.0004,100000.0,0.478057861328125,1195.1446533203125,151.1751695145803,22853.93187776208,377937.9237864507
cifar100,5000,40,8,4,0.0008,50000.0,0.5126953125,640.869140625,114.64215704954977,13142.824172973633,143302.6963119372
cifar100,5000,40,8,8,0.0016,25000.0,0.55572509765625,347.32818603515625,87.86785307566252,7720.759604126215,54917.40817228908
cifar100,5000,40,8,16,0.0032,12500.0,0.61126708984375,191.02096557617188,68.34173826495481,4670.593189075589,21356.79320779838
cifar100,5000,40,8,32,0.0064,6250.0,0.68603515625,107.1929931640625,54.23584121748747,2941.526472568512,8474.350190232417
cifar100,5000,40,8,64,0.0128,3125.0,0.791015625,61.798095703125,44.21911771911205,1955.3303718566895,3454.6185718056286
cifar100,5000,40,8,128,0.0256,1562.5,0.94482421875,36.907196044921875,37.34745649673959,1394.832506775856,1458.88501940389
cifar100,5000,40,8,256,0.0512,781.25,1.1749267578125,22.94778823852539,32.840201238152275,1078.4788173623383,641.4101804326616
cifar100,5000,40,8,512,0.1024,390.625,1.5185546875,14.829635620117188,30.013072275157654,900.784507393837,293.09640893708644
cifar100,5000,40,8,1024,0.2048,195.3125,2.021484375,9.870529174804688,28.251102987210476,798.1248199939728,137.94483880473865
cifar100,5000,40,8,2048,0.4096,97.65625,2.73193359375,6.669759750366211,26.99728928930982,728.8536289706826,65.91135080397905
cifar100,5000,40,8,4096,0.8192,48.828125,3.6767578125,4.488229751586914,25.692126267354457,660.0853521376848,31.36245882245417
cifar100,5000,40,8,5000,1.0,40.0,4.033203125,4.033203125,25.508216282217592,650.6690979003906,25.508216282217592
sun397,8534,40,1,1,0.00011717834544176236,341360.0,0.78369140625,6688.0224609375,457.87971029272285,209653.8290977478,3907545.4476380968
sun397,8534,40,1,2,0.00023435669088352472,170680.0,0.83984375,3583.61328125,346.96831075329084,120387.00866699219,1480513.781984292
sun397,8534,40,1,4,0.00046871338176704945,85340.0,0.9228515625,1968.90380859375,269.59272662094895,72680.23824691772,575176.0822457946
sun397,8534,40,1,8,0.0009374267635340989,42670.0,1.0595703125,1130.296630859375,218.87245184146542,47905.150175094604,233482.18800188325
sun397,8534,40,1,16,0.0018748535270681978,21335.0,1.318359375,703.179931640625,192.56623330067785,37081.754207611084,102710.01468674905
sun397,8534,40,1,32,0.0037497070541363956,10667.5,1.73828125,463.577880859375,179.5359282386214,32233.149528503418,47879.98786213735
sun397,8534,40,1,64,0.007499414108272791,5333.75,2.36328125,315.1287841796875,172.59640169912606,29789.517879486084,23014.651439067842
sun397,8534,40,1,128,0.014998828216545582,2666.875,3.26171875,217.46490478515625,168.44101132499875,28372.374296188354,11230.278051933901
sun397,8534,40,1,256,0.029997656433091165,1333.4375,4.5703125,152.35565185546875,166.89073552725412,27852.51760482788,5563.459128865573
sun397,8534,40,1,512,0.05999531286618233,666.71875,6.40625,106.7791748046875,165.41512489401075,27362.163543701172,2757.1341325107182
sun397,8534,40,1,1024,0.11999062573236466,333.359375,8.984375,74.87564086914062,164.03790244131815,26908.433437347412,1367.0893158537199
sun397,8534,40,1,2048,0.23998125146472932,166.6796875,12.65625,52.738494873046875,163.39786727335206,26698.86302947998,680.87763638222
sun397,8534,40,1,4096,0.47996250292945863,83.33984375,17.8125,37.112274169921875,162.61148589835017,26442.495346069336,338.8003956680958
sun397,8534,40,1,8192,0.9599250058589173,41.669921875,25.0,26.043701171875,161.3806096526934,26043.701171875,168.11793490919013
sun397,8534,40,1,8534,1.0,40.0,25.625,25.625,162.06673008362944,26265.625,162.06673008362944
sun397,8534,40,2,1,0.00011717834544176236,341360.0,0.61279296875,5229.5751953125,358.03055228496396,128185.87636947632,3055432.7331998823
sun397,8534,40,2,2,0.00023435669088352472,170680.0,0.653076171875,2786.676025390625,269.8082067630968,72796.46843671799,1151271.618258134
sun397,8534,40,2,4,0.00046871338176704945,85340.0,0.70556640625,1505.325927734375,206.1171904588737,42484.29620265961,439751.02584400703
sun397,8534,40,2,8,0.0009374267635340989,42670.0,0.777587890625,829.4918823242188,160.62413804494642,25800.113722682,171345.7992594466
sun397,8534,40,2,16,0.0018748535270681978,21335.0,0.888671875,473.995361328125,129.80390541008654,16849.053859710693,69234.15804810492
sun397,8534,40,2,32,0.0037497070541363956,10667.5,1.08154296875,288.4339904785156,111.70564074397372,12478.15017402172,29790.49806590849
sun397,8534,40,2,64,0.007499414108272791,5333.75,1.38671875,184.9102783203125,101.27557455072686,10256.742000579834,13504.464893998485
sun397,8534,40,2,128,0.014998828216545582,2666.875,1.8408203125,122.73094177246094,95.0632653735397,9037.024423480034,6338.046146076467
sun397,8534,40,2,256,0.029997656433091165,1333.4375,2.509765625,83.66539001464844,91.64726288569297,8399.220794439316,3055.1474276035306
sun397,8534,40,2,512,0.05999531286618233,666.71875,3.4765625,57.947235107421875,89.7679641193107,8058.2873821258545,1496.2496206917922
sun397,8534,40,2,1024,0.11999062573236466,333.359375,4.86328125,40.53050994873047,88.794429799757,7884.450763463974,740.0113905382092
sun397,8534,40,2,2048,0.23998125146472932,166.6796875,6.796875,28.322525024414062,87.75070649865204,7700.186491012573,365.6565084274885
sun397,8534,40,2,4096,0.47996250292945863,83.33984375,9.53125,19.858322143554688,87.01140912104702,7570.985317230225,181.2879310153846
sun397,8534,40,2,8192,0.9599250058589173,41.669921875,13.28125,13.835716247558594,85.73344887799337,7350.224256515503,89.31265292050725
sun397,8534,40,2,8534,1.0,40.0,13.59375,13.59375,85.97442388582782,7391.6015625,85.97442388582782
sun397,8534,40,4,1,0.00011717834544176236,341360.0,0.504150390625,4302.41943359375,294.5550161228887,86762.65752315521,2513732.507592732
sun397,8534,40,4,2,0.00023435669088352472,170680.0,0.53558349609375,2285.3347778320312,221.2679452659976,48959.50360223651,944150.3224500119
sun397,8534,40,4,4,0.00046871338176704945,85340.0,0.57403564453125,1224.7050476074219,167.6930948326736,28120.974054560065,357773.21782550914
sun397,8534,40,4,8,0.0009374267635340989,42670.0,0.623779296875,665.4165649414062,128.8523305195724,16602.923080325127,137453.22358175387
sun397,8534,40,4,16,0.0018748535270681978,21335.0,0.6903076171875,368.1928253173828,100.82981938104936,10166.652476415038,53780.104912367206
sun397,8534,40,4,32,0.0037497070541363956,10667.5,0.784912109375,209.3262481689453,81.0685406302202,6572.108279913664,21619.96642932185
sun397,8534,40,4,64,0.007499414108272791,5333.75,0.928955078125,123.87035369873047,67.84393682491473,4602.799763903022,9046.564950997225
sun397,8534,40,4,128,0.014998828216545582,2666.875,1.151123046875,76.74753189086914,59.44606050878511,3533.8341100141406,3963.380315484157
sun397,8534,40,4,256,0.029997656433091165,1333.4375,1.48681640625,49.56441879272461,54.29297966671889,2947.7276410907507,1809.9073768585117
sun397,8534,40,4,512,0.05999531286618233,666.71875,1.9873046875,33.124332427978516,51.31399072550486,2633.1256441771984,855.2999938505048
sun397,8534,40,4,1024,0.11999062573236466,333.359375,2.71484375,22.625465393066406,49.56797486813744,2456.984132528305,413.0987280514501
sun397,8534,40,4,2048,0.23998125146472932,166.6796875,3.75,15.626220703125,48.414182895808025,2343.93310546875,201.74152189102816
sun397,8534,40,4,4096,0.47996250292945863,83.33984375,5.205078125,10.844759941101074,47.517501087620964,2257.9129096120596,99.00252790081966
sun397,8534,40,4,8192,0.9599250058589173,41.669921875,7.12890625,7.4265241622924805,46.018689471275856,2117.719780653715,47.93987987644875
sun397,8534,40,4,8534,1.0,40.0,7.32421875,7.32421875,46.322426662622746,2145.7672119140625,46.322426662622746
sun397,8534,40,8,1,0.00011717834544176236,341360.0,0.430755615234375,3676.0684204101562,251.67336879991367,63339.48456309736,2147780.529338463
sun397,8534,40,8,2,0.00023435669088352472,170680.0,0.455780029296875,1944.8133850097656,188.2983910283575,35456.284063868225,803469.2345180016
sun397,8534,40,8,4,0.00046871338176704945,85340.0,0.485382080078125,1035.5626678466797,141.79471947441115,20105.742470826954,302519.0339986562
sun397,8534,40,8,8,0.0009374267635340989,42670.0,0.52154541015625,556.3585662841797,107.73416480330197,11606.650265865028,114925.42030392236
sun397,8534,40,8,16,0.0018748535270681978,21335.0,0.567169189453125,302.51386642456055,82.84359828456245,6863.061776733957,44186.7042350285
sun397,8534,40,8,32,0.0037497070541363956,10667.5,0.626373291015625,167.0459270477295,64.69408228752992,4185.324283025693,17253.103070055637
sun397,8534,40,8,64,0.007499414108272791,5333.75,0.706787109375,94.24564361572266,51.61844864865392,2664.4642408937216,6882.997511993945
sun397,8534,40,8,128,0.014998828216545582,2666.875,0.8209228515625,54.732465744018555,42.39392968415481,1797.2452740650624,2826.482780660759
sun397,8534,40,8,256,0.029997656433091165,1333.4375,0.9893798828125,32.981905937194824,36.12845650236097,1305.2653692429885,1204.3759679341738
sun397,8534,40,8,512,0.05999531286618233,666.71875,1.241455078125,20.69253444671631,32.05548437827914,1027.554078726098,534.2998118832699
sun397,8534,40,8,1024,0.11999062573236466,333.359375,1.617431640625,13.479650020599365,29.531279991134042,872.0964979147539,246.11322601986126
sun397,8534,40,8,2048,0.23998125146472932,166.6796875,2.1630859375,9.013562202453613,27.92641018599343,779.8843858763576,116.36913306995504
sun397,8534,40,8,4096,0.47996250292945863,83.33984375,2.93212890625,6.109079122543335,26.767597939133573,716.5042994311079,55.77018574525535
sun397,8534,40,8,8192,0.9599250058589173,41.669921875,3.935546875,4.09984827041626,25.404838160170094,645.4058019444346,26.465440534532664
sun397,8534,40,8,8534,1.0,40.0,4.033203125,4.033203125,25.508216282217592,650.6690979003906,25.508216282217592
imagenet397,8471,40,1,1,0.00011804981702278361,338840.0,0.78369140625,6638.64990234375,456.18649158295773,208106.11510276794,3864355.770199235
imagenet397,8471,40,1,2,0.00023609963404556722,169420.0,0.83984375,3557.158203125,345.6852374432996,119498.28338623047,1464149.8231910956
imagenet397,8471,40,1,4,0.00047219926809113444,84710.0,0.9228515625,1954.368896484375,268.59578476379755,72143.69559288025,568818.7231835322
imagenet397,8471,40,1,8,0.0009443985361822689,42355.0,1.064453125,1127.122802734375,219.06797024023058,47990.77558517456,231965.59698812416
imagenet397,8471,40,1,16,0.0018887970723645378,21177.5,1.318359375,697.9888916015625,191.8541319741411,36808.00795555115,101574.77199705933
imagenet397,8471,40,1,32,0.0037775941447290755,10588.75,1.73828125,460.1556396484375,178.87201239798645,31995.19681930542,47350.77553197948
imagenet397,8471,40,1,64,0.007555188289458151,5294.375,2.36328125,312.80242919921875,171.9581479175635,29569.604635238647,22760.27298452626
imagenet397,8471,40,1,128,0.015110376578916302,2647.1875,3.28125,217.152099609375,168.8230229374254,28501.21307373047,11172.654900804146
imagenet397,8471,40,1,256,0.030220753157832604,1323.59375,4.5703125,151.23092651367188,166.27358104425562,27646.90375328064,5501.966816507381
imagenet397,8471,40,1,512,0.06044150631566521,661.796875,6.40625,105.99090576171875,164.803427153201,27160.16960144043,2726.659826981964
imagenet397,8471,40,1,1024,0.12088301263133042,330.8984375,9.0625,74.96917724609375,164.85243932592866,27176.326751708984,1363.7353647753337
imagenet397,8471,40,1,2048,0.24176602526266083,165.44921875,12.8125,52.995452880859375,164.803427153201,27160.16960144043,681.664956745491
imagenet397,8471,40,1,4096,0.48353205052532167,82.724609375,17.96875,37.16144561767578,163.4312976076017,26709.789037704468,337.9947563559556
imagenet397,8471,40,1,8192,0.9670641010506433,41.3623046875,25.15625,26.013011932373047,161.7887303150327,26175.59325695038,167.29886895735376
imagenet397,8471,40,1,8471,1.0,40.0,25.625,25.625,162.06673008362944,26265.625,162.06673008362944
imagenet397,8471,40,2,1,0.00011804981702278361,338840.0,0.6134033203125,5196.1395263671875,357.0618567296515,127493.16953122616,3024670.988356878
imagenet397,8471,40,2,2,0.00023609963404556722,169420.0,0.653076171875,2766.1041259765625,268.81046807000774,72259.06774401665,1138546.737510518
imagenet397,8471,40,2,4,0.00047219926809113444,84710.0,0.70556640625,1494.2132568359375,205.35497829824735,42170.66711187363,434890.50529111334
imagenet397,8471,40,2,8,0.0009443985361822689,42355.0,0.77880859375,824.6609497070312,160.28138189594853,25690.1213824749,169717.9482550725
imagenet397,8471,40,2,16,0.0018887970723645378,21177.5,0.89111328125,471.7887878417969,129.67918179733613,16816.69019162655,68657.02181282715
imagenet397,8471,40,2,32,0.0037775941447290755,10588.75,1.083984375,286.95098876953125,111.54378301222751,12442.015528678894,29527.7308092681
imagenet397,8471,40,2,64,0.007555188289458151,5294.375,1.3916015625,184.19151306152344,101.2563474307967,10252.847895026207,13402.226860723107
imagenet397,8471,40,2,128,0.015110376578916302,2647.1875,1.845703125,122.14805603027344,94.9629504023018,9017.961949110031,6284.618381702333
imagenet397,8471,40,2,256,0.030220753157832604,1323.59375,2.51953125,83.37089538574219,91.66364083208964,8402.22305059433,3033.1355526899665
imagenet397,8471,40,2,512,0.06044150631566521,661.796875,3.49609375,57.84259796142578,89.93845567202128,8088.925808668137,1488.0247226517426
imagenet397,8471,40,2,1024,0.12088301263133042,330.8984375,4.8828125,40.39287567138672,88.8213573954357,7889.2335295677185,734.7712094694685
imagenet397,8471,40,2,2048,0.24176602526266083,165.44921875,6.8359375,28.275012969970703,87.92865777990907,7731.448858976364,363.69319338555164
imagenet397,8471,40,2,4096,0.48353205052532167,82.724609375,9.5703125,19.792509078979492,87.04493024752698,7576.819881796837,180.01894632001978
imagenet397,8471,40,2,8192,0.9670641010506433,41.3623046875,13.359375,13.814363479614258,85.91885988779686,7382.050484418869,88.84505152704189
imagenet397,8471,40,2,8471,1.0,40.0,13.59375,13.59375,85.97442388582782,7391.6015625,85.97442388582782
imagenet397,8471,40,4,1,0.00011804981702278361,338840.0,0.50445556640625,4273.243103027344,293.64340754931044,86226.4507971704,2487453.3053502087
imagenet397,8471,40,4,2,0.00023609963404556722,169420.0,0.535888671875,2269.7564697265625,220.57531865931475,48653.47120165825,934246.7621815277
imagenet397,8471,40,4,4,0.00047219926809113444,84710.0,0.57464599609375,1216.956558227539,167.25061597560543,27972.768544219434,354194.9919823384
imagenet397,8471,40,4,8,0.0009443985361822689,42355.0,0.6243896484375,661.1505889892578,128.50145272692424,16512.62335292995,136066.97575622192
imagenet397,8471,40,4,16,0.0018887970723645378,21177.5,0.69091796875,365.7978820800781,100.54577657163321,10109.453186392784,53232.70458364406
imagenet397,8471,40,4,32,0.0037775941447290755,10588.75,0.7861328125,208.10409545898438,80.89436515751635,6543.898314237595,21414.25522654128
imagenet397,8471,40,4,64,0.007555188289458151,5294.375,0.931396484375,123.27905654907227,67.77069569271744,4592.867194674909,8970.086925203273
imagenet397,8471,40,4,128,0.015110376578916302,2647.1875,1.15478515625,76.42332077026367,59.414650185567126,3530.100656673312,3932.0429822026495
imagenet397,8471,40,4,256,0.030220753157832604,1323.59375,1.49169921875,49.36009407043457,54.26984936861121,2945.2165504917502,1795.7808359433811
imagenet397,8471,40,4,512,0.06044150631566521,661.796875,1.9921875,32.96058654785156,51.24984624886129,2626.5467405319214,847.9247022931719
imagenet397,8471,40,4,1024,0.12088301263133042,330.8984375,2.7197265625,22.498831748962402,49.473496069257685,2447.626813314855,409.267563674494
imagenet397,8471,40,4,2048,0.24176602526266083,165.44921875,3.759765625,15.551257133483887,48.360761778949986,2338.76327984035,200.0312563620534
imagenet397,8471,40,4,4096,0.48353205052532167,82.724609375,5.205078125,10.76470136642456,47.341783491767224,2241.2444641813636,97.90826366180669
imagenet397,8471,40,4,8192,0.9670641010506433,41.3623046875,7.1875,7.432289123535156,46.225351518580766,2136.7831230163574,47.79967684495821
imagenet397,8471,40,4,8471,1.0,40.0,7.32421875,7.32421875,46.322426662622746,2145.7672119140625,46.322426662622746
imagenet397,8471,40,8,1,0.00011804981702278361,338840.0,0.430908203125,3650.223388671875,250.8315132847104,62916.448056697845,2124793.749034782
imagenet397,8471,40,8,2,0.00023609963404556722,169420.0,0.456085205078125,1931.7488861083984,187.72768436010585,35241.68347520754,795120.6071072284
imagenet397,8471,40,8,4,0.00047219926809113444,84710.0,0.485687255859375,1028.5641860961914,141.3591902948359,19982.42068081163,299363.4252468888
imagenet397,8471,40,8,8,0.0009443985361822689,42355.0,0.522003173828125,552.7361106872559,107.42997795181033,11541.200162726454,113754.91790372317
imagenet397,8471,40,8,16,0.0018887970723645378,21177.5,0.567626953125,300.5229949951172,82.6038623777552,6823.39807972312,43733.58238762277
imagenet397,8471,40,8,32,0.0037775941447290755,10588.75,0.62713623046875,166.0147190093994,64.5333541920404,4164.553803275339,17083.188855024197
imagenet397,8471,40,8,64,0.007555188289458151,5294.375,0.70770263671875,93.6710786819458,51.49418195000385,2651.6507747001015,6815.737739038791
imagenet397,8471,40,8,128,0.015110376578916302,2647.1875,0.82275390625,54.4495964050293,42.33136810261337,1791.9447254389524,2801.4767124784207
imagenet397,8471,40,8,256,0.030220753157832604,1323.59375,0.9918212890625,32.81921148300171,36.083676441895754,1302.0317055634223,1194.0032153878865
imagenet397,8471,40,8,512,0.06044150631566521,661.796875,1.2451171875,20.600366592407227,32.031153905538304,1025.9948205202818,529.9529389332324
imagenet397,8471,40,8,1024,0.12088301263133042,330.8984375,1.62109375,13.41043472290039,29.488690655284653,869.5828765630722,243.9440415438636
imagenet397,8471,40,8,2048,0.24176602526266083,165.44921875,2.17041015625,8.977316617965698,27.91734884512113,779.3783665401861,115.47258889991264
imagenet397,8471,40,8,4096,0.48353205052532167,82.724609375,2.9345703125,6.0690295696258545,26.690817897328426,712.3997600283474,55.19968711139382
imagenet397,8471,40,8,8192,0.9670641010506433,41.3623046875,3.9599609375,4.094827771186829,25.467907664109376,648.6143207876012,26.335283913900213
imagenet397,8471,40,8,8471,1.0,40.0,4.033203125,4.033203125,25.508216282217592,650.6690979003906,25.508216282217592
imagenet397-balanced,15086,40,1,1,6.628662335940607e-05,603440.0,0.7470703125,11270.302734375,580.3346822563386,336788.34342956543,8754929.016519126
imagenet397-balanced,15086,40,1,2,0.00013257324671881213,301720.0,0.791015625,5966.630859375,434.4973297212678,188787.9295349121,3277413.3580875234
imagenet397-balanced,15086,40,1,4,0.00026514649343762427,150860.0,0.859375,3241.1328125,333.78726822586793,111413.9404296875,1258878.682113861
imagenet397-balanced,15086,40,1,8,0.0005302929868752485,75430.0,0.947265625,1786.3061523437502,260.16198137631466,67684.2565536499,490600.4563803854
imagenet397-balanced,15086,40,1,16,0.001060585973750497,37715.0,1.0888671875,1026.6656494140625,211.4618204953652,44716.10152721405,199382.06399956747
imagenet397-balanced,15086,40,1,32,0.002121171947500994,18857.5,1.376953125,649.1473388671875,189.0868008972184,35753.81827354431,89142.60869798242
imagenet397-balanced,15086,40,1,64,0.004242343895001988,9428.75,1.8359375,432.76489257812506,178.27274552972492,31781.171798706055,42022.22873533485
imagenet397-balanced,15086,40,1,128,0.008484687790003977,4714.375,2.5,294.6484375,171.6532660627231,29464.84375,20230.946654861258
imagenet397-balanced,15086,40,1,256,0.016969375580007953,2357.1875,3.45703125,203.7217712402344,167.84189339766655,28170.90117931366,9890.870327332805
imagenet397-balanced,15086,40,1,512,0.033938751160015906,1178.59375,4.84375,142.7203369140625,166.289101498263,27652.06527709961,4899.68239297421
imagenet397-balanced,15086,40,1,1024,0.06787750232003181,589.296875,6.796875,100.13442993164062,164.99711554346882,27224.048137664795,2430.8071143445027
imagenet397-balanced,15086,40,1,2048,0.13575500464006363,294.6484375,9.609375,70.78468322753906,164.94806035714797,27207.862615585327,1215.0422063222336
imagenet397-balanced,15086,40,1,4096,0.27151000928012725,147.32421875,13.515625,49.77947235107422,164.04885625873624,26912.0272397995,604.2092396287342
imagenet397-balanced,15086,40,1,8192,0.5430200185602545,73.662109375,18.90625,34.816856384277344,162.2659780749179,26330.24764060974,298.8213556198989
imagenet397-balanced,15086,40,1,15086,1.0,40.0,25.625,25.625,162.06673008362944,26265.625,162.06673008362944
imagenet397-balanced,15086,40,2,1,6.628662335940607e-05,603440.0,0.5859375,8839.453125,455.1644566716381,207174.6826171875,6866610.993348333
imagenet397-balanced,15086,40,2,2,0.00013257324671881213,301720.0,0.618896484375,4668.336181640625,339.9539292726586,115568.67402791977,2564272.4885036643
imagenet397-balanced,15086,40,2,4,0.00026514649343762427,150860.0,0.6610107421875,2493.0020141601562,256.74120134134586,65916.04446619749,968299.440858886
imagenet397-balanced,15086,40,2,8,0.0005302929868752485,75430.0,0.716552734375,1351.2393188476562,196.79778745862978,38729.36914861202,371111.4277001111
imagenet397-balanced,15086,40,2,16,0.001060585973750497,37715.0,0.794677734375,749.2817687988281,154.3291985902273,23817.501537501812,145513.14312076056
imagenet397-balanced,15086,40,2,32,0.002121171947500994,18857.5,0.91552734375,431.6139221191407,125.72260697953351,15806.173905730247,59270.35152791383
imagenet397-balanced,15086,40,2,64,0.004242343895001988,9428.75,1.1279296875,265.8741760253906,109.52394738661292,11995.495051145554,25816.847973038166
imagenet397-balanced,15086,40,2,128,0.008484687790003977,4714.375,1.455078125,171.49459838867188,99.9075650130693,9981.521546840668,11775.043170212215
imagenet397-balanced,15086,40,2,256,0.016969375580007953,2357.1875,1.943359375,114.52156066894533,94.35179883089165,8902.261942625046,5560.12202016731
imagenet397-balanced,15086,40,2,512,0.033938751160015906,1178.59375,2.65625,78.2659912109375,91.19079759582164,8315.76156616211,2686.9226025987605
imagenet397-balanced,15086,40,2,1024,0.06787750232003181,589.296875,3.69140625,54.383354187011726,89.61050240722875,8030.042141675949,1320.179725893997
imagenet397-balanced,15086,40,2,2048,0.13575500464006363,294.6484375,5.15625,37.982025146484375,88.5087153135916,7833.792686462402,651.9738668070522
imagenet397-balanced,15086,40,2,4096,0.27151000928012725,147.32421875,7.2265625,26.616191864013675,87.71398383776359,7693.742960691452,323.0598535587162
imagenet397-balanced,15086,40,2,8192,0.5430200185602545,73.662109375,10.1171875,18.63133430480957,86.83241388719782,7539.868101477623,159.90646922635088
imagenet397-balanced,15086,40,2,15086,1.0,40.0,13.59375,13.59375,85.97442388582782,7391.6015625,85.97442388582782
imagenet397-balanced,15086,40,4,1,6.628662335940607e-05,603440.0,0.48248291015625,7278.737182617188,374.799482290552,140474.6519252658,5654224.989835268
imagenet397-balanced,15086,40,4,2,0.00013257324671881213,301720.0,0.50933837890625,3841.939392089844,279.7747080651219,78273.88727292418,2110340.6229352145
imagenet397-balanced,15086,40,4,4,0.00026514649343762427,150860.0,0.5419921875,2044.1235351562502,210.51356121063262,44315.959453582764,793951.896105901
imagenet397-balanced,15086,40,4,8,0.0005302929868752485,75430.0,0.58197021484375,1097.4503326416016,159.83534100664693,25547.33623471111,301409.49430328445
imagenet397-balanced,15086,40,4,16,0.001060585973750497,37715.0,0.6341552734375,597.9291534423828,123.15517460464375,15167.197031900287,116119.93525535348
imagenet397-balanced,15086,40,4,32,0.002121171947500994,18857.5,0.704345703125,332.0549774169922,96.72259230292111,9355.259861797094,45598.65710880837
imagenet397-balanced,15086,40,4,64,0.004242343895001988,9428.75,0.8062744140625,190.05399703979492,78.29065719573359,6129.42700413987,18454.57585085683
imagenet397-balanced,15086,40,4,128,0.008484687790003977,4714.375,0.9619140625,113.37059020996095,66.04627619991494,4362.11059987545,7784.172833999351
imagenet397-balanced,15086,40,4,256,0.016969375580007953,2357.1875,1.201171875,70.78468322753906,58.31794601105363,3400.982826948166,3436.6583340732623
imagenet397-balanced,15086,40,4,512,0.033938751160015906,1178.59375,1.5625,46.038818359375,53.64164564460096,2877.4261474609375,1580.5427074110355
imagenet397-balanced,15086,40,4,1024,0.06787750232003181,589.296875,2.09716796875,30.89636325836182,50.90967034908036,2591.7945350520313,750.0227410998305
imagenet397-balanced,15086,40,4,2048,0.13575500464006363,294.6484375,2.87109375,21.14908218383789,49.28326193597714,2428.8399070501328,363.0309031084722
imagenet397-balanced,15086,40,4,4096,0.27151000928012725,147.32421875,3.974609375,14.638905525207521,48.242691110769975,2327.3572456091642,177.6829194572939
imagenet397-balanced,15086,40,4,8192,0.5430200185602545,73.662109375,5.498046875,10.124943256378174,47.18788515298491,2226.6965052112937,86.89897893285284
imagenet397-balanced,15086,40,4,15086,1.0,40.0,7.32421875,7.32421875,46.322426662622746,2145.7672119140625,46.322426662622746
imagenet397-balanced,15086,40,8,1,6.628662335940607e-05,603440.0,0.4132080078125,6233.656005859375,320.9857678819781,103031.86318278313,4842391.294267522
imagenet397-balanced,15086,40,8,2,0.00013257324671881213,301720.0,0.43487548828125,3280.265808105469,238.87295326111368,57060.28779968619,1801818.6864485806
imagenet397-balanced,15086,40,8,4,0.00026514649343762427,150860.0,0.460662841796875,1737.3899078369143,178.92467378797858,32014.038890134543,674814.4071913613
imagenet397-balanced,15086,40,8,8,0.0005302929868752485,75430.0,0.4913330078125,926.531219482422,134.9422648246993,18209.414836019278,254467.3758931767
imagenet397-balanced,15086,40,8,16,0.001060585973750497,37715.0,0.52886962890625,498.6579513549805,102.7083337775975,10549.001827370375,96841.12021055225
imagenet397-balanced,15086,40,8,32,0.002121171947500994,18857.5,0.57647705078125,271.77289962768555,79.16333486144627,6266.833586385474,37320.56467874308
imagenet397-balanced,15086,40,8,64,0.004242343895001988,9428.75,0.6390380859375,150.63325881958008,62.05171694468816,3850.4155757836998,14626.753153555714
imagenet397-balanced,15086,40,8,128,0.008484687790003977,4714.375,0.72418212890625,85.35165309906006,49.72329106040551,2472.4056738778017,5860.356007322481
imagenet397-balanced,15086,40,8,256,0.016969375580007953,2357.1875,0.8465576171875,49.887375831604004,41.10111337262774,1689.3015204695985,2422.0757669510235
imagenet397-balanced,15086,40,8,512,0.033938751160015906,1178.59375,1.0272216796875,30.26692628860474,35.26519125775915,1243.6337144463323,1039.0833502237394
imagenet397-balanced,15086,40,8,1024,0.06787750232003181,589.296875,1.298828125,19.134883880615234,31.529621217358265,994.1170141100883,464.5076813330731
imagenet397-balanced,15086,40,8,2048,0.13575500464006363,294.6484375,1.700439453125,12.525795698165894,29.188598587081696,851.9742874777876,215.00937416245824
imagenet397-balanced,15086,40,8,4096,0.27151000928012725,147.32421875,2.283935546875,8.411975502967834,27.721767527104,768.4963948267978,102.10219358249292
imagenet397-balanced,15086,40,8,8192,0.5430200185602545,73.662109375,3.0908203125,5.691908597946167,26.52747007268157,703.7066684570163,48.85173504839773
imagenet397-balanced,15086,40,8,15086,1.0,40.0,4.033203125,4.033203125,25.508216282217592,650.6690979003906,25.508216282217592
svhn_cropped,7320,40,1,1,0.0001366120218579235,292800.0,0.79345703125,5808.10546875,429.347510644758,184339.2848968506,3142823.7779196287
svhn_cropped,7320,40,1,2,0.000273224043715847,146400.0,0.869140625,3181.0546875,332.55278433673834,110591.35437011719,1217143.1906724623
svhn_cropped,7320,40,1,4,0.000546448087431694,73200.0,0.95458984375,1746.8994140625,258.26904101861595,66702.89754867554,472632.34506406717
svhn_cropped,7320,40,1,8,0.001092896174863388,36600.0,1.0986328125,1005.2490234375,210.18083279709586,44175.98247528076,192315.4620093427
svhn_cropped,7320,40,1,16,0.002185792349726776,18300.0,1.396484375,638.8916015625,188.9129046836935,35688.08555603027,86427.65389278978
svhn_cropped,7320,40,1,32,0.004371584699453552,9150.0,1.85546875,424.4384765625,177.48603658421428,31501.293182373047,40599.930868639014
svhn_cropped,7320,40,1,64,0.008743169398907104,4575.0,2.5390625,290.4052734375,171.7390042579032,29494.285583496094,19642.648611997676
svhn_cropped,7320,40,1,128,0.017486338797814208,2287.5,3.515625,201.0498046875,168.1446662376767,28272.628784179688,9615.773100467135
svhn_cropped,7320,40,1,256,0.034972677595628415,1143.75,4.921875,140.73486328125,166.45472720381386,27707.176208496094,4759.564855984053
svhn_cropped,7320,40,1,512,0.06994535519125683,571.875,6.9140625,98.8494873046875,165.3422551337154,27338.061332702637,2363.8775538648374
svhn_cropped,7320,40,1,1024,0.13989071038251366,285.9375,9.6875,69.25048828125,163.8125886767692,26834.564208984375,1171.0040518690923
svhn_cropped,7320,40,1,2048,0.2797814207650273,142.96875,13.671875,48.86627197265625,163.4739810644079,26723.742485046387,584.2917682575517
svhn_cropped,7320,40,1,4096,0.5595628415300546,71.484375,19.21875,34.34600830078125,162.49151941324686,26403.493881225586,290.390117701408
svhn_cropped,7320,40,1,7320,1.0,40.0,25.625,25.625,162.06673008362944,26265.625,162.06673008362944
svhn_cropped,7320,40,2,1,0.0001366120218579235,292800.0,0.621337890625,4548.193359375,336.2121275664336,113038.5947227478,2461072.773786294
svhn_cropped,7320,40,2,2,0.000273224043715847,146400.0,0.662841796875,2426.0009765625,253.61820490849567,64322.19386100769,928242.6299650942
svhn_cropped,7320,40,2,4,0.000546448087431694,73200.0,0.718994140625,1315.75927734375,194.52744905366342,37840.92843532562,355985.2317682041
svhn_cropped,7320,40,2,8,0.001092896174863388,36600.0,0.79833984375,730.48095703125,152.73140516588964,23326.882123947144,139749.23572678902
svhn_cropped,7320,40,2,16,0.002185792349726776,18300.0,0.9228515625,422.20458984375,124.8410454028604,15585.286617279053,57114.77827180863
svhn_cropped,7320,40,2,32,0.004371584699453552,9150.0,1.14013671875,260.8062744140625,109.0604987958264,11894.192397594452,24947.58909954529
svhn_cropped,7320,40,2,64,0.008743169398907104,4575.0,1.474609375,168.658447265625,99.74072939593609,9948.21310043335,11407.84592466019
svhn_cropped,7320,40,2,128,0.017486338797814208,2287.5,1.97265625,112.811279296875,94.34784050002969,8901.515007019043,5395.5171285954475
svhn_cropped,7320,40,2,256,0.034972677595628415,1143.75,2.6953125,77.069091796875,91.15377918304092,8309.011459350586,2606.4283735150766
svhn_cropped,7320,40,2,512,0.06994535519125683,571.875,3.740234375,53.473663330078125,89.44362106809746,8000.161349773407,1278.7642699579558
svhn_cropped,7320,40,2,1024,0.13989071038251366,285.9375,5.234375,37.4176025390625,88.51164065599626,7834.310531616211,632.7199312518483
svhn_cropped,7320,40,2,2048,0.2797814207650273,142.96875,7.32421875,26.178359985351562,87.57534699878994,7669.441401958466,313.0134472808312
svhn_cropped,7320,40,2,4096,0.5595628415300546,71.484375,10.2734375,18.359756469726562,86.86030407659335,7544.712424278259,155.2288637306307
svhn_cropped,7320,40,2,7320,1.0,40.0,13.59375,13.59375,85.97442388582782,7391.6015625,85.97442388582782
svhn_cropped,7320,40,4,1,0.0001366120218579235,292800.0,0.51055908203125,3737.29248046875,276.2686097341077,76324.34472441673,2022286.2232536685
svhn_cropped,7320,40,4,2,0.000273224043715847,146400.0,0.54351806640625,1989.276123046875,207.96225733979318,43248.30047786236,761141.861863643
svhn_cropped,7320,40,4,4,0.000546448087431694,73200.0,0.5841064453125,1068.914794921875,158.032910648859,24974.400848150253,289200.226487412
svhn_cropped,7320,40,4,8,0.001092896174863388,36600.0,0.6365966796875,582.4859619140625,121.78811589298387,14832.34517276287,111436.12604208024
svhn_cropped,7320,40,4,16,0.002185792349726776,18300.0,0.7080078125,323.91357421875,95.77752160536909,9173.333644866943,43818.21613445636
svhn_cropped,7320,40,4,32,0.004371584699453552,9150.0,0.811767578125,185.69183349609375,77.65014100559374,6029.544398188591,17762.469755029568
svhn_cropped,7320,40,4,64,0.008743169398907104,4575.0,0.970458984375,110.99624633789062,65.64062903126589,4308.692179620266,7507.646945451036
svhn_cropped,7320,40,4,128,0.017486338797814208,2287.5,1.214599609375,69.45991516113281,58.09164684253066,3374.639432877302,3322.1160538072218
svhn_cropped,7320,40,4,256,0.034972677595628415,1143.75,1.58203125,45.2362060546875,53.50330517265446,2862.6036643981934,1529.8601322805885
svhn_cropped,7320,40,4,512,0.06994535519125683,571.875,2.1240234375,30.366897583007812,50.79370125929816,2580.000087618828,726.1911976915284
svhn_cropped,7320,40,4,1024,0.13989071038251366,285.9375,2.91015625,20.803070068359375,49.20983006620688,2421.6073751449585,351.77339461390073
svhn_cropped,7320,40,4,2048,0.2797814207650273,142.96875,4.0234375,14.380645751953125,48.108057284668604,2314.385175704956,171.9487203729366
svhn_cropped,7320,40,4,4096,0.5595628415300546,71.484375,5.5859375,9.982681274414062,47.22822617092338,2230.505347251892,84.40200575467752
svhn_cropped,7320,40,4,7320,1.0,40.0,7.32421875,7.32421875,46.322426662622746,2145.7672119140625,46.322426662622746
svhn_cropped,7320,40,8,1,0.0001366120218579235,292800.0,0.4358673095703125,3190.5487060546875,235.8521469532214,55626.23522244394,1726437.7156975805
svhn_cropped,7320,40,8,2,0.000273224043715847,146400.0,0.461883544921875,1690.4937744140625,176.7270502435581,31232.450287789106,646821.0038914226
svhn_cropped,7320,40,8,4,0.000546448087431694,73200.0,0.49285888671875,901.9317626953125,133.34542878678542,17781.00337833166,244022.1346798173
svhn_cropped,7320,40,8,8,0.001092896174863388,36600.0,0.53070068359375,485.59112548828125,101.52901895393046,10308.141689747572,92899.05234284638
svhn_cropped,7320,40,8,16,0.002185792349726776,18300.0,0.57891845703125,264.8551940917969,78.31463727818326,6133.1824120134115,35828.94655476884
svhn_cropped,7320,40,8,32,0.004371584699453552,9150.0,0.64208984375,146.8780517578125,61.41951002848467,3772.3562121391296,14049.712919015868
svhn_cropped,7320,40,8,64,0.008743169398907104,4575.0,0.72845458984375,83.3169937133789,49.27175518793449,2427.705859299749,5635.456999620007
svhn_cropped,7320,40,8,128,0.017486338797814208,2287.5,0.8526611328125,48.761558532714844,40.780919919103184,1663.0834294483066,2332.1588578737133
svhn_cropped,7320,40,8,256,0.034972677595628415,1143.75,1.0369873046875,29.651355743408203,35.070260605069414,1229.9231789074838,1002.7902641762036
svhn_cropped,7320,40,8,512,0.06994535519125683,571.875,1.312255859375,18.761157989501953,31.38116600789973,984.7775800153613,448.65260776919143
svhn_cropped,7320,40,8,1024,0.13989071038251366,285.9375,1.72119140625,12.303829193115234,29.104807211976382,847.0898028463125,208.0538953043624
svhn_cropped,7320,40,8,2048,0.2797814207650273,142.96875,2.3095703125,8.25490951538086,27.61542608695176,762.6117579638958,98.70357370922211
svhn_cropped,7320,40,8,4096,0.5595628415300546,71.484375,3.134765625,5.602169036865234,26.503952099416793,702.4594768881798,47.36546127141868
svhn_cropped,7320,40,8,7320,1.0,40.0,4.033203125,4.033203125,25.508216282217592,650.6690979003906,25.508216282217592
cassava,5656,40,1,1,0.0001768033946251768,226240.0,0.8154296875,4612.0703125,387.8566257600817,150432.7621459961,2193717.0752990223
cassava,5656,40,1,2,0.0003536067892503536,113120.0,0.892333984375,2523.5205078125,300.1215160156533,90072.92437553406,848743.6472922675
cassava,5656,40,1,4,0.0007072135785007072,56560.0,0.99609375,1408.4765625,236.8944660331038,56118.988037109375,334968.77497080876
cassava,5656,40,1,8,0.0014144271570014145,28280.0,1.1865234375,838.8720703125,199.5335934112278,39813.65489959717,141070.25054173806
cassava,5656,40,1,16,0.002828854314002829,14140.0,1.54296875,545.439453125,183.47708643740393,33663.841247558594,64859.15005562229
cassava,5656,40,1,32,0.005657708628005658,7070.0,2.0703125,365.927734375,174.07869054806704,30303.390502929688,30768.40855437085
cassava,5656,40,1,64,0.011315417256011316,3535.0,2.8515625,252.0068359375,169.54211784722136,28744.529724121094,14983.284664748187
cassava,5656,40,1,128,0.02263083451202263,1767.5,3.984375,176.0595703125,167.50968335757395,28059.494018554688,7401.834133362799
cassava,5656,40,1,256,0.04526166902404526,883.75,5.5859375,123.414306640625,166.0583756996757,27575.38414001465,3668.85223811471
cassava,5656,40,1,512,0.09052333804809053,441.875,7.8125,86.3037109375,164.2251797623274,26969.90966796875,1814.1750326869605
cassava,5656,40,1,1024,0.18104667609618105,220.9375,11.015625,60.8441162109375,163.73588093464528,26809.438705444336,904.3849048499548
cassava,5656,40,1,2048,0.3620933521923621,110.46875,15.625,43.15185546875,164.2251797623274,26969.90966796875,453.54375817174014
cassava,5656,40,1,4096,0.7241867043847242,55.234375,21.875,30.206298828125,162.57463355213005,26430.511474609375,224.49270687764832
cassava,5656,40,1,5656,1.0,40.0,25.625,25.625,162.06673008362944,26265.625,162.06673008362944
cassava,5656,40,2,1,0.0001768033946251768,226240.0,0.6353759765625,3593.6865234375,302.21463129958465,91333.68337154388,1709325.9546304508
cassava,5656,40,2,2,0.0003536067892503536,113120.0,0.682373046875,1929.7509765625,229.50468871785253,52672.40214347839,649039.259694087
cassava,5656,40,2,4,0.0007072135785007072,56560.0,0.74462890625,1052.9052734375,177.09022583357026,31360.948085784912,250405.57932866833
cassava,5656,40,2,8,0.0014144271570014145,28280.0,0.83740234375,592.04345703125,140.82309164619573,19831.143140792847,99561.92579386038
cassava,5656,40,2,16,0.002828854314002829,14140.0,0.9912109375,350.39306640625,117.86660932529429,13892.537593841553,41665.84639649153
cassava,5656,40,2,32,0.005657708628005658,7070.0,1.25,220.9375,105.10411504788954,11046.875,18577.152334714476
cassava,5656,40,2,64,0.011315417256011316,3535.0,1.6357421875,144.5587158203125,97.25446828564924,9458.431601524353,8594.863634744252
cassava,5656,40,2,128,0.02263083451202263,1767.5,2.20703125,97.523193359375,92.78722656571497,8609.469413757324,4100.03557387253
cassava,5656,40,2,256,0.04526166902404526,883.75,3.046875,67.31689453125,90.57729583618675,8204.246520996094,2001.1921298807508
cassava,5656,40,2,512,0.09052333804809053,441.875,4.23828125,46.81976318359375,89.09216002106261,7937.412977218628,984.189955232676
cassava,5656,40,2,1024,0.18104667609618105,220.9375,5.9375,32.79541015625,88.25480107115632,7788.909912109375,487.46987779146497
cassava,5656,40,2,2048,0.3620933521923621,110.46875,8.3203125,22.978363037109375,87.44990822343934,7647.486448287964,241.5120512264516
cassava,5656,40,2,4096,0.7241867043847242,55.234375,11.640625,16.074066162109375,86.5129299973835,7484.487056732178,119.46219044560571
cassava,5656,40,2,5656,1.0,40.0,13.59375,13.59375,85.97442388582782,7391.6015625,85.97442388582782
cassava,5656,40,4,1,0.0001768033946251768,226240.0,0.52215576171875,2953.31298828125,248.36178393544157,61683.575719594955,1404734.2499388575
cassava,5656,40,4,2,0.0003536067892503536,113120.0,0.5572509765625,1575.90576171875,187.42198640375614,35127.000987529755,530029.3775498223
cassava,5656,40,4,4,0.0007072135785007072,56560.0,0.601806640625,850.95458984375,143.12373989500023,20484.404921531677,202376.9682115303
cassava,5656,40,4,8,0.0014144271570014145,28280.0,0.660400390625,466.903076171875,111.0572778142739,12333.718955516815,78517.49541469164
cassava,5656,40,4,16,0.002828854314002829,14140.0,0.7415771484375,262.14752197265625,88.18222310974912,7776.104472577572,31172.41586929631
cassava,5656,40,4,32,0.005657708628005658,7070.0,0.863037109375,152.54180908203125,72.56700130747842,5265.969678759575,12826.21748109681
cassava,5656,40,4,64,0.011315417256011316,3535.0,1.0498046875,92.7764892578125,62.417046810192794,3895.8877325057983,5516.106511850788
cassava,5656,40,4,128,0.02263083451202263,1767.5,1.334228515625,58.95622253417969,56.09316296256995,3146.4429311454296,2478.6166384085595
cassava,5656,40,4,256,0.04526166902404526,883.75,1.76025390625,38.89060974121094,52.32871017459186,2738.293908536434,1156.137440419889
cassava,5656,40,4,512,0.09052333804809053,441.875,2.3828125,26.3226318359375,50.08867982750986,2508.875846862793,553.323384969523
cassava,5656,40,4,1024,0.18104667609618105,220.9375,3.28125,18.123779296875,48.77239006563902,2378.7460327148438,269.39124825317805
cassava,5656,40,4,2048,0.3620933521923621,110.46875,4.55078125,12.567977905273438,47.83058360577785,2287.7647280693054,132.0946195675193
cassava,5656,40,4,4096,0.7241867043847242,55.234375,6.30859375,8.711280822753906,46.8853630690518,2198.237270116806,64.74209314417895
cassava,5656,40,4,5656,1.0,40.0,7.32421875,7.32421875,46.322426662622746,2145.7672119140625,46.322426662622746
cassava,5656,40,8,1,0.0001768033946251768,226240.0,0.4450225830078125,2517.0477294921875,211.67362444410148,44805.72328530252,1197226.0198558378
cassava,5656,40,8,2,0.0003536067892503536,113120.0,0.472564697265625,1336.4129638671875,158.9391817887275,25261.663507670164,449480.00609852135
cassava,5656,40,8,4,0.0007072135785007072,56560.0,0.5059814453125,715.457763671875,120.33426001313913,14480.334132909775,170152.64365857872
cassava,5656,40,8,8,0.0014144271570014145,28280.0,0.547332763671875,386.9642639160156,92.04308121991693,8471.928800456226,65074.458422481264
cassava,5656,40,8,16,0.002828854314002829,14140.0,0.60028076171875,212.19924926757812,71.3804250439821,5095.165079459548,25232.98025304767
cassava,5656,40,8,32,0.005657708628005658,7070.0,0.6707763671875,118.55972290039062,56.40108517462431,3181.082408875227,9968.891804614846
cassava,5656,40,8,64,0.011315417256011316,3535.0,0.7696533203125,68.01811218261719,45.76040466724018,2094.014635309577,4044.0757624673506
cassava,5656,40,8,128,0.02263083451202263,1767.5,0.9130859375,40.34698486328125,38.38763576944403,1473.6105799674988,1696.253655562308
cassava,5656,40,8,256,0.04526166902404526,883.75,1.126708984375,24.893226623535156,33.494729189423225,1121.8968834728003,740.0241730288194
cassava,5656,40,8,512,0.09052333804809053,441.875,1.446533203125,15.979671478271484,30.40731844036843,924.6050147339702,335.905845895945
cassava,5656,40,8,1024,0.18104667609618105,220.9375,1.91650390625,10.585689544677734,28.486849852326362,811.5006145089865,157.34533473120888
cassava,5656,40,8,2048,0.3620933521923621,110.46875,2.59033203125,7.153768539428711,27.225455582473337,741.2254316732287,75.18905115940879
cassava,5656,40,8,4096,0.7241867043847242,55.234375,3.5107421875,4.847841262817383,26.091777125888733,680.7808335870504,36.02907505469401
cassava,5656,40,8,5656,1.0,40.0,4.033203125,4.033203125,25.508216282217592,650.6690979003906,25.508216282217592
patch_camelyon,5897,40,1,1,0.00016957775139901646,235880.0,0.810546875,4779.794921875,393.6621819309877,154969.91348266602,2321425.886847034
patch_camelyon,5897,40,1,2,0.0003391555027980329,117940.0,0.888671875,2620.2490234375,305.19119336082565,93141.66450500488,899856.2336243944
patch_camelyon,5897,40,1,4,0.0006783110055960658,58970.0,0.986328125,1454.09423828125,239.51735165680574,57368.56174468994,353108.4556800458
patch_camelyon,5897,40,1,8,0.0013566220111921317,29485.0,1.171875,863.818359375,201.22496265548943,40491.485595703125,148327.95059742764
patch_camelyon,5897,40,1,16,0.0027132440223842634,14742.5,1.5234375,561.48193359375,184.9737963290183,34215.30532836914,68174.40480951381
patch_camelyon,5897,40,1,32,0.005426488044768527,7371.25,2.041015625,376.12091064453125,175.23340497915538,30706.746220588684,32292.230911314975
patch_camelyon,5897,40,1,64,0.010852976089537053,3685.625,2.79296875,257.34588623046875,169.5593133016001,28750.36072731018,15623.301102180245
patch_camelyon,5897,40,1,128,0.021705952179074107,1842.8125,3.90625,179.962158203125,167.68746887957454,28119.08721923828,7725.414093616024
patch_camelyon,5897,40,1,256,0.043411904358148214,921.40625,5.46875,125.97351074218749,166.00212491065744,27556.705474853516,3823.884885149011
patch_camelyon,5897,40,1,512,0.08682380871629643,460.703125,7.65625,88.18145751953125,164.33371950198304,27005.571365356445,1892.7264529359256
patch_camelyon,5897,40,1,1024,0.17364761743259285,230.3515625,10.859375,62.53684997558593,164.8163954470099,27164.44420814514,949.1428554209155
patch_camelyon,5897,40,1,2048,0.3472952348651857,115.17578125,15.3125,44.090728759765625,164.33371950198304,27005.571365356445,473.1816132339814
patch_camelyon,5897,40,1,4096,0.6945904697303714,57.587890625,21.40625,30.818519592285153,162.4449365197148,26388.357400894165,233.87153092206006
patch_camelyon,5897,40,1,5897,1.0,40.0,25.625,25.625,162.06673008362944,26265.625,162.06673008362944
patch_camelyon,5897,40,2,1,0.00016957775139901646,235880.0,0.6329345703125,3732.415161132812,307.40036345062816,94494.98344957829,1812739.943268354
patch_camelyon,5897,40,2,2,0.0003391555027980329,117940.0,0.6787109375,2001.1791992187498,233.0855817426086,54328.88841629028,687252.8377680815
patch_camelyon,5897,40,2,4,0.0006783110055960658,58970.0,0.740966796875,1092.3703002929688,179.9344461085162,32376.404896378517,265268.35717548
patch_camelyon,5897,40,2,8,0.0013566220111921317,29485.0,0.830078125,611.871337890625,142.53434854763836,20316.04051589966,105065.63167317792
patch_camelyon,5897,40,2,16,0.0027132440223842634,14742.5,0.97900390625,360.8241271972656,118.86937873066721,14129.929199814796,43810.79539842153
patch_camelyon,5897,40,2,32,0.005426488044768527,7371.25,1.23046875,226.7523193359375,105.64310539413195,11160.465717315674,19468.043515912377
patch_camelyon,5897,40,2,64,0.010852976089537053,3685.625,1.6064453125,148.0188751220703,97.52624838501126,9511.369124054909,8986.129480100177
patch_camelyon,5897,40,2,128,0.021705952179074107,1842.8125,2.16796875,99.87899780273438,93.06654522816386,8661.381840705872,4287.604821956893
patch_camelyon,5897,40,2,256,0.043411904358148214,921.40625,2.98828125,68.83552551269531,90.70830396903781,8227.996408939362,2089.479955099281
patch_camelyon,5897,40,2,512,0.08682380871629643,460.703125,4.16015625,47.91492462158203,89.29357717837344,7973.342925310135,1028.445751212633
patch_camelyon,5897,40,2,1024,0.17364761743259285,230.3515625,5.8203125,33.51795196533203,88.33684504174272,7803.3981919288635,508.7132570421453
patch_camelyon,5897,40,2,2048,0.3472952348651857,115.17578125,8.1640625,23.507556915283203,87.61670248957769,7676.686555147171,252.28305399464824
patch_camelyon,5897,40,2,4096,0.6945904697303714,57.587890625,11.40625,16.421546936035156,86.55825084627139,7492.33078956604,124.61767706065976
patch_camelyon,5897,40,2,5897,1.0,40.0,13.59375,13.59375,85.97442388582782,7391.6015625,85.97442388582782
patch_camelyon,5897,40,4,1,0.00016957775139901646,235880.0,0.52032470703125,3068.3547973632812,252.70859193988477,63861.63244023919,1490222.5666695004
patch_camelyon,5897,40,4,2,0.0003391555027980329,117940.0,0.5548095703125,1635.8560180664062,190.53488651441657,36303.5429790616,561792.1128877572
patch_camelyon,5897,40,4,4,0.0006783110055960658,58970.0,0.5987548828125,882.7143859863281,145.4000754797812,21141.18194952607,214356.06127606743
patch_camelyon,5897,40,4,8,0.0013566220111921317,29485.0,0.6561279296875,483.6483001708984,112.66501815346413,12693.406315520406,83048.20150637225
patch_camelyon,5897,40,4,16,0.0027132440223842634,14742.5,0.736083984375,271.29295349121094,89.37435832243432,7987.7759255468845,32940.036939212194
patch_camelyon,5897,40,4,32,0.005426488044768527,7371.25,0.8538818359375,157.35441207885742,73.31086530078899,5374.482971150428,13509.81789621102
patch_camelyon,5897,40,4,64,0.010852976089537053,3685.625,1.036376953125,95.4924201965332,62.91776966479829,3958.645739592612,5797.282620520555
patch_camelyon,5897,40,4,128,0.021705952179074107,1842.8125,1.3134765625,60.512275695800774,56.384911410756935,3179.2582347989082,2597.6704889783878
patch_camelyon,5897,40,4,256,0.043411904358148214,921.40625,1.728515625,39.816627502441406,52.468528766404226,2752.946510910988,1208.620758341741
patch_camelyon,5897,40,4,512,0.08682380871629643,460.703125,2.3388671875,26.938085556030273,50.20143599582263,2520.184176042676,578.1989610690742
patch_camelyon,5897,40,4,1024,0.17364761743259285,230.3515625,3.22265625,18.558597564697266,48.91134037546157,2392.319217324257,281.67009198642273
patch_camelyon,5897,40,4,2048,0.3472952348651857,115.17578125,4.47265625,12.878541946411133,48.00053796677821,2304.0516451001167,138.21248651859918
patch_camelyon,5897,40,4,4096,0.6945904697303714,57.587890625,6.171875,8.885631561279297,46.83631381407835,2193.6402916908264,67.43011293008301
patch_camelyon,5897,40,4,5897,1.0,40.0,7.32421875,7.32421875,46.322426662622746,2145.7672119140625,46.322426662622746
patch_camelyon,5897,40,8,1,0.00016957775139901646,235880.0,0.4434967041015625,2615.300064086914,215.39516788072584,46395.07834636606,1270185.3049926402
patch_camelyon,5897,40,8,2,0.0003391555027980329,117940.0,0.4708099365234375,1388.1830978393555,161.68740163372726,26142.81584706623,476735.3037170448
patch_camelyon,5897,40,8,4,0.0006783110055960658,58970.0,0.50384521484375,742.7938079833984,122.3524590301319,14970.124230720103,180378.11272517193
patch_camelyon,5897,40,8,8,0.0013566220111921317,29485.0,0.544586181640625,401.4280891418457,93.51196506737523,8744.487610762008,68930.00725028897
patch_camelyon,5897,40,8,16,0.0027132440223842634,14742.5,0.59661865234375,219.89126205444336,72.4406594197177,5247.649137163535,26698.910537379707
patch_camelyon,5897,40,8,32,0.005426488044768527,7371.25,0.6658935546875,122.71169662475585,57.17094642112994,3268.517114687711,10535.533470168852
patch_camelyon,5897,40,8,64,0.010852976089537053,3685.625,0.7623291015625,70.24147987365723,46.28050312799356,2141.8849697802216,4264.314483527782
patch_camelyon,5897,40,8,128,0.021705952179074107,1842.8125,0.9027099609375,41.58812999725342,38.751526011389174,1501.6807682113722,1785.2949131965777
patch_camelyon,5897,40,8,256,0.043411904358148214,921.40625,1.1114501953125,25.602428913116455,33.737708645346785,1138.2329846383072,777.153390162539
patch_camelyon,5897,40,8,512,0.08682380871629643,460.703125,1.42333984375,16.393427848815918,30.550560736497484,933.3367613144219,351.86847004516727
patch_camelyon,5897,40,8,1024,0.17364761743259285,230.3515625,1.884765625,10.853967666625977,28.605723310497222,818.287406116724,164.73432652539267
patch_camelyon,5897,40,8,2048,0.3472952348651857,115.17578125,2.5439453125,7.325022220611571,27.301616026955728,745.378237683326,78.61212388230366
patch_camelyon,5897,40,8,4096,0.6945904697303714,57.587890625,3.4375,4.9489593505859375,26.08604820024617,680.4819107055664,37.55601226485636
patch_camelyon,5897,40,8,5897,1.0,40.0,4.033203125,4.033203125,25.508216282217592,650.6690979003906,25.508216282217592
