Dataset,DatasetSize,Epoch,Epsilon,BatchSize,SampleRate,Steps,Sigma,Sigma_over_q,CumulativeNoise,TotalNoiseVariance,CumulativeEffectiveNoise
cifar100,5000,80,1,1,0.0002,400000.0,0.87890625,4394.53125,555.869119951473,308990.478515625,2779345.5997573645
cifar100,5000,80,1,2,0.0004,200000.0,1.0009765625,2502.44140625,447.6503275268134,200390.81573486328,1119125.8188170334
cifar100,5000,80,1,4,0.0008,100000.0,1.23046875,1538.0859375,389.1083839660311,151405.33447265625,486385.4799575389
cifar100,5000,80,1,8,0.0016,50000.0,1.62109375,1013.18359375,362.487582290005,131397.24731445312,226554.73893125312
cifar100,5000,80,1,16,0.0032,25000.0,2.1875,683.59375,345.8741190809165,119628.90625,108085.6622127864
cifar100,5000,80,1,32,0.0064,12500.0,3.0078125,469.970703125,336.2836606786793,113086.70043945312,52544.32198104364
cifar100,5000,80,1,64,0.0128,6250.0,4.1796875,326.5380859375,330.4333101933756,109186.17248535156,25815.102358857464
cifar100,5000,80,1,128,0.0256,3125.0,5.8984375,230.40771484375,329.7326802758479,108723.64044189453,12880.182823275307
cifar100,5000,80,1,256,0.0512,1562.5,8.28125,161.7431640625,327.3451484158674,107154.84619140625,6393.45992999741
cifar100,5000,80,1,512,0.1024,781.25,11.71875,114.44091796875,327.54902014157074,107288.36059570312,3198.7208998200267
cifar100,5000,80,1,1024,0.2048,390.625,16.5625,80.87158203125,327.3451484158674,107154.84619140625,1598.3649824993524
cifar100,5000,80,1,2048,0.4096,195.3125,23.4375,57.220458984375,327.54902014157074,107288.36059570312,799.6802249550067
cifar100,5000,80,1,4096,0.8192,97.65625,32.8125,40.0543212890625,324.25698663835925,105142.59338378906,395.82151689252834
cifar100,5000,80,1,5000,1.0,80.0,36.25,36.25,324.2298567374695,105125.0,324.2298567374695
cifar100,5000,80,2,1,0.0002,400000.0,0.672607421875,3363.037109375,425.3942848517522,180960.2975845337,2126971.424258761
cifar100,5000,80,2,2,0.0004,200000.0,0.73974609375,1849.365234375,330.82451034298646,109444.85664367676,827061.2758574662
cifar100,5000,80,2,4,0.0008,100000.0,0.84228515625,1052.8564453125,266.3539533100808,70944.42844390869,332942.44163760095
cifar100,5000,80,2,8,0.0016,50000.0,1.01806640625,636.29150390625,227.64656899839167,51822.9603767395,142279.10562399478
cifar100,5000,80,2,16,0.0032,25000.0,1.2939453125,404.35791015625,204.59071775991714,41857.36179351807,63934.59929997411
cifar100,5000,80,2,32,0.0064,12500.0,1.7041015625,266.265869140625,190.5243467156803,36299.52669143677,29769.429174325047
cifar100,5000,80,2,64,0.0128,6250.0,2.314453125,180.816650390625,182.97358531735986,33479.33292388916,14294.81135291874
cifar100,5000,80,2,128,0.0256,3125.0,3.193359375,124.7406005859375,178.51421597715606,31867.32530593872,6973.211561607658
cifar100,5000,80,2,256,0.0512,1562.5,4.453125,86.97509765625,176.02522131796644,30984.878540039062,3437.9926038665317
cifar100,5000,80,2,512,0.1024,781.25,6.26953125,61.22589111328125,175.23872577574036,30708.611011505127,1711.3156814037145
cifar100,5000,80,2,1024,0.2048,390.625,8.828125,43.1060791015625,174.48114042921236,30443.668365478516,851.9586935020135
cifar100,5000,80,2,2048,0.4096,195.3125,12.421875,30.32684326171875,173.6009806750325,30137.300491333008,423.83051922615357
cifar100,5000,80,2,4096,0.8192,97.65625,17.421875,21.266937255859375,172.1650190960812,29640.793800354004,210.162376826271
cifar100,5000,80,2,5000,1.0,80.0,19.296875,19.296875,172.59649701326504,29789.55078125,172.59649701326504
cifar100,5000,80,4,1,0.0002,400000.0,0.55145263671875,2757.26318359375,348.76927074733044,121640.00421762466,1743846.353736652
cifar100,5000,80,4,2,0.0004,200000.0,0.5963134765625,1490.78369140625,266.6794938985955,71117.95246601105,666698.7347464887
cifar100,5000,80,4,4,0.0008,100000.0,0.65673828125,820.9228515625,207.67887953742533,43130.51700592041,259598.59942178166
cifar100,5000,80,4,8,0.0016,50000.0,0.7427978515625,464.2486572265625,166.09464896345483,27587.43241429329,103809.15560215927
cifar100,5000,80,4,16,0.0032,25000.0,0.8740234375,273.13232421875,138.1952395434912,19097.92423248291,43186.012357340995
cifar100,5000,80,4,32,0.0064,12500.0,1.07421875,167.8466796875,120.1013073852426,14424.324035644531,18765.829278944155
cifar100,5000,80,4,64,0.0128,6250.0,1.376953125,107.574462890625,108.85770265716346,11849.99942779541,8504.508020090894
cifar100,5000,80,4,128,0.0256,3125.0,1.826171875,71.3348388671875,102.08611127745621,10421.574115753174,3987.738721775633
cifar100,5000,80,4,256,0.0512,1562.5,2.490234375,48.63739013671875,98.43515665807334,9689.480066299438,1922.561653477995
cifar100,5000,80,4,512,0.1024,781.25,3.447265625,33.664703369140625,96.35400342497873,9284.093976020813,940.9570646970578
cifar100,5000,80,4,1024,0.2048,390.625,4.8046875,23.46038818359375,94.96097465837663,9017.586708068848,463.6766340741046
cifar100,5000,80,4,2048,0.4096,195.3125,6.73828125,16.450881958007812,94.1703432907016,8868.053555488586,229.90806467456443
cifar100,5000,80,4,4096,0.8192,97.65625,9.39453125,11.467933654785156,92.83786343633976,8618.868887424469,113.32747001506318
cifar100,5000,80,4,5000,1.0,80.0,10.37109375,10.37109375,92.76188250409284,8604.766845703125,92.76188250409284
cifar100,5000,80,8,1,0.0002,400000.0,0.47149658203125,2357.48291015625,298.2006216406339,88923.6107468605,1491003.1082031697
cifar100,5000,80,8,2,0.0004,200000.0,0.50506591796875,1262.664794921875,225.8723451392915,51018.31629872322,564680.8628482287
cifar100,5000,80,8,4,0.0008,100000.0,0.546722412109375,683.4030151367188,172.8888070126847,29890.539590269327,216111.00876585586
cifar100,5000,80,8,8,0.0016,50000.0,0.6005859375,375.3662109375,134.29509825804402,18035.173416137695,83934.43641127751
cifar100,5000,80,8,16,0.0032,25000.0,0.6732177734375,210.38055419921875,106.4450762684852,11330.554261803627,33264.08633390162
cifar100,5000,80,8,32,0.0064,12500.0,0.7763671875,121.307373046875,86.80049033751625,7534.325122833252,13562.576615236914
cifar100,5000,80,8,64,0.0128,6250.0,0.92742919921875,72.45540618896484,73.31971595193257,5375.780747272074,5728.102808744731
cifar100,5000,80,8,128,0.0256,3125.0,1.153564453125,45.06111145019531,64.48621334037175,4158.4717109799385,2518.992708608271
cifar100,5000,80,8,256,0.0512,1562.5,1.492919921875,29.158592224121094,59.01284146707044,3482.5154580175877,1152.5945599037195
cifar100,5000,80,8,512,0.1024,781.25,1.9970703125,19.502639770507812,55.81981218245935,3115.8514320850372,545.1153533443296
cifar100,5000,80,8,1024,0.2048,390.625,2.72705078125,13.315677642822266,53.89807352307251,2905.0023294985294,263.1741871243775
cifar100,5000,80,8,2048,0.4096,195.3125,3.7646484375,9.191036224365234,52.6125613602398,2768.0816128849983,128.44863613339794
cifar100,5000,80,8,4096,0.8192,97.65625,5.1904296875,6.335973739624023,51.29243702329998,2630.914095789194,62.61283816320798
cifar100,5000,80,8,5000,1.0,80.0,5.7080078125,5.7080078125,51.0539739393995,2606.508255004883,51.0539739393995
sun397,8534,80,1,1,0.00011717834544176236,682720.0,0.830078125,7083.88671875,685.8675910239469,470414.3524169922,5853194.021798363
sun397,8534,80,1,2,0.00023435669088352472,341360.0,0.90576171875,3864.88525390625,529.200537441122,280053.2088279724,2258098.6932612676
sun397,8534,80,1,4,0.00046871338176704945,170680.0,1.0400390625,2218.92333984375,429.6758732002962,184621.356010437,916713.475472832
sun397,8534,80,1,8,0.0009374267635340989,85340.0,1.30859375,1395.9423828125,382.27963351541973,146137.7182006836,407796.799052574
sun397,8534,80,1,16,0.0018748535270681978,42670.0,1.728515625,921.947021484375,357.05459885658416,127487.98656463623,190443.99666513057
sun397,8534,80,1,32,0.0037497070541363956,21335.0,2.34375,625.048828125,342.33997031231615,117196.6552734375,91297.79083266582
sun397,8534,80,1,64,0.007499414108272791,10667.5,3.2421875,432.325439453125,334.8647650293388,112134.4108581543,44652.1235118809
sun397,8534,80,1,128,0.014998828216545582,5333.75,4.53125,302.10693359375,330.9286379685723,109513.76342773438,22063.632784560905
sun397,8534,80,1,256,0.029997656433091165,2666.875,6.3671875,212.25616455078125,328.81299216736284,108117.9838180542,10961.289356079196
sun397,8534,80,1,512,0.05999531286618233,1333.4375,8.984375,149.75128173828125,328.0758048826363,107633.73374938965,5468.3572634148795
sun397,8534,80,1,1024,0.11999062573236466,666.71875,12.65625,105.47698974609375,326.7957345467041,106795.45211791992,2723.51054552888
sun397,8534,80,1,2048,0.23998125146472932,333.359375,17.8125,74.22454833984375,325.22297179670034,105769.98138427734,1355.2015826723832
sun397,8534,80,1,4096,0.47996250292945863,166.6796875,25.3125,52.738494873046875,326.7957345467041,106795.45211791992,680.87763638222
sun397,8534,80,1,8192,0.9599250058589173,83.33984375,35.625,37.112274169921875,325.22297179670034,105769.98138427734,338.8003956680958
sun397,8534,80,1,8534,1.0,80.0,36.25,36.25,324.2298567374695,105125.0,324.2298567374695
sun397,8534,80,2,1,0.00011717834544176236,682720.0,0.634765625,5417.08984375,524.4869813712536,275086.5936279297,4475971.899022278
sun397,8534,80,2,2,0.00023435669088352472,341360.0,0.68603515625,2927.31201171875,400.8230485740035,160659.11626815796,1710311.948265273
sun397,8534,80,2,4,0.00046871338176704945,170680.0,0.75927734375,1619.918212890625,313.6835600124228,98397.37582206726,669243.875286504
sun397,8534,80,2,8,0.0009374267635340989,85340.0,0.8740234375,932.364501953125,255.32856119126913,65192.67416000366,272371.74265078636
sun397,8534,80,2,16,0.0018748535270681978,42670.0,1.07177734375,571.6592407226562,221.39402386728878,49015.31380414963,118086.03748021515
sun397,8534,80,2,32,0.0037497070541363956,21335.0,1.3720703125,365.91400146484375,200.41152428700175,40164.77906703949,53447.24838328978
sun397,8534,80,2,64,0.007499414108272791,10667.5,1.826171875,243.50860595703125,188.6135875315854,35575.085401535034,25150.44306241484
sun397,8534,80,2,128,0.014998828216545582,5333.75,2.490234375,166.02859497070312,181.86810922841795,33076.00915431976,12125.487844963429
sun397,8534,80,2,256,0.029997656433091165,2666.875,3.447265625,114.91783142089844,178.0229850231274,31692.183196544647,5934.563102294411
sun397,8534,80,2,512,0.05999531286618233,1333.4375,4.82421875,80.40992736816406,176.162443056546,31033.206343650818,2936.2700957901634
sun397,8534,80,2,1024,0.11999062573236466,666.71875,6.7578125,56.31950378417969,174.49278418697475,30447.731733322144,1454.2201369644947
sun397,8534,80,2,2048,0.23998125146472932,333.359375,9.53125,39.716644287109375,174.02281824209405,30283.9412689209,725.1517240615384
sun397,8534,80,2,4096,0.47996250292945863,166.6796875,13.4375,27.996978759765625,173.48415537664542,30096.752166748047,361.4535600547588
sun397,8534,80,2,8192,0.9599250058589173,83.33984375,18.828125,19.61416244506836,171.88319342764206,29543.832182884216,179.05898104388396
sun397,8534,80,2,8534,1.0,80.0,19.296875,19.296875,172.59649701326504,29789.55078125,172.59649701326504
sun397,8534,80,4,1,0.00011717834544176236,682720.0,0.52337646484375,4466.4947509765625,432.44960242870184,187012.6586407423,3690524.9071265417
sun397,8534,80,4,2,0.00023435669088352472,341360.0,0.56060791015625,2392.1139526367188,327.5408986790233,107283.04030746222,1397617.0146633924
sun397,8534,80,4,4,0.00046871338176704945,170680.0,0.6085205078125,1298.2785034179688,251.40073097458645,63202.32753455639,536363.4595342802
sun397,8534,80,4,8,0.0009374267635340989,85340.0,0.67352294921875,718.4806060791016,196.7563318956463,38713.054141029716,209889.81704968069
sun397,8534,80,4,16,0.0018748535270681978,42670.0,0.767822265625,409.5372009277344,158.60688042428774,25156.14251792431,84596.94484630447
sun397,8534,80,4,32,0.0037497070541363956,21335.0,0.9130859375,243.50860595703125,133.3699467675065,17787.542700767517,35568.09767855939
sun397,8534,80,4,64,0.007499414108272791,10667.5,1.1328125,151.053466796875,117.00094199820272,13689.220428466797,15601.344359572844
sun397,8534,80,4,128,0.014998828216545582,5333.75,1.46484375,97.66387939453125,106.9812407225988,11444.98586654663,7132.639908802017
sun397,8534,80,4,256,0.029997656433091165,2666.875,1.9580078125,65.27202606201172,101.11503823551571,10224.250957369804,3370.764594929262
sun397,8534,80,4,512,0.05999531286618233,1333.4375,2.67578125,44.59983825683594,97.7095331933069,9547.152876853943,1628.619445843127
sun397,8534,80,4,1024,0.11999062573236466,666.71875,3.7158203125,30.967588424682617,95.94581558257788,9205.599527806044,799.6109279118356
sun397,8534,80,4,2048,0.23998125146472932,333.359375,5.1953125,21.648826599121094,94.85670010737094,8997.793555259705,395.2671282794451
sun397,8534,80,4,4096,0.47996250292945863,166.6796875,7.265625,15.137901306152344,93.80247936062804,8798.90513420105,195.43709933193352
sun397,8534,80,4,8192,0.9599250058589173,83.33984375,10.13671875,10.559906959533691,92.53877322504796,8563.424549996853,96.40208626740225
sun397,8534,80,4,8534,1.0,80.0,10.37109375,10.37109375,92.76188250409284,8604.766845703125,92.76188250409284
sun397,8534,80,8,1,0.00011717834544176236,682720.0,0.4497528076171875,3838.190460205078,371.6166773057139,138098.9548517391,3171376.7241269625
sun397,8534,80,8,2,0.00023435669088352472,341360.0,0.478515625,2041.826171875,279.5776424217249,78163.65814208984,1192957.8002135002
sun397,8534,80,8,4,0.00046871338176704945,170680.0,0.51361083984375,1095.7887268066406,212.1902859730336,45024.71746131778,452707.9751234672
sun397,8534,80,8,8,0.0009374267635340989,85340.0,0.557708740234375,594.9357986450195,162.92351451712443,26544.07158261165,173798.65911114248
sun397,8534,80,8,16,0.0018748535270681978,42670.0,0.615234375,328.150634765625,127.08723010149606,16151.164054870605,67785.15135538546
sun397,8534,80,8,32,0.0037497070541363956,21335.0,0.69366455078125,184.9916648864746,101.32015006769461,10265.772809740156,27020.817521178305
sun397,8534,80,8,64,0.007499414108272791,10667.5,0.8056640625,107.43026733398438,83.21187685217004,6924.216449260712,11095.783704006548
sun397,8534,80,8,128,0.014998828216545582,5333.75,0.9716796875,64.78370666503906,70.9642230126572,5035.920947790146,4731.317806172005
sun397,8534,80,8,256,0.029997656433091165,2666.875,1.219482421875,40.65258979797363,62.97626134493778,3966.009492985904,2099.372712178512
sun397,8534,80,8,512,0.05999531286618233,1333.4375,1.591796875,26.532020568847656,58.12647412594535,3378.6869943141937,968.8502542789406
sun397,8534,80,8,1024,0.11999062573236466,666.71875,2.14111328125,17.84400463104248,55.28546666617661,3056.482824496925,460.7482153604992
sun397,8534,80,8,2048,0.23998125146472932,333.359375,2.9345703125,12.228331565856934,53.5797713952349,2870.7919027656317,223.2664888119798
sun397,8534,80,8,4096,0.47996250292945863,166.6796875,4.0478515625,8.433682918548584,52.25958023518861,2731.0637263581157,108.88263128103017
sun397,8534,80,8,8192,0.9599250058589173,83.33984375,5.5908203125,5.824226140975952,51.03896692807318,2604.9761450849473,53.16974411183795
sun397,8534,80,8,8534,1.0,80.0,5.7080078125,5.7080078125,51.0539739393995,2606.508255004883,51.0539739393995
imagenet397,8471,80,1,1,0.00011804981702278361,677680.0,0.830078125,7031.591796875,683.3312833181504,466941.64276123047,5788499.300988053
imagenet397,8471,80,1,2,0.00023609963404556722,338840.0,0.906982421875,3841.5240478515625,527.9541483584698,278735.5827689171,2236149.795372299
imagenet397,8471,80,1,4,0.00047219926809113444,169420.0,1.044921875,2212.88330078125,430.09674891201234,184983.21342468262,910837.3900084142
imagenet397,8471,80,1,8,0.0009443985361822689,84710.0,1.30859375,1385.63720703125,380.86598051162827,145058.89511108398,403289.4651142504
imagenet397,8471,80,1,16,0.0018887970723645378,42355.0,1.73828125,920.311279296875,357.7440247959729,127980.78727722168,189403.10212791793
imagenet397,8471,80,1,32,0.0037775941447290755,21177.5,2.36328125,625.6048583984375,343.916295835127,118278.41854095459,91041.09193810503
imagenet397,8471,80,1,64,0.007555188289458151,10588.75,3.2421875,429.1339111328125,333.6264500906264,111306.60820007324,44158.58841746401
imagenet397,8471,80,1,128,0.015110376578916302,5294.375,4.53125,299.876708984375,329.7048786518573,108705.30700683594,21819.76583640534
imagenet397,8471,80,1,256,0.030220753157832604,2647.1875,6.40625,211.9818115234375,329.606854306402,108640.67840576172,10906.639307927857
imagenet397,8471,80,1,512,0.06044150631566521,1323.59375,8.984375,148.64578247070312,326.8625952152034,106839.15615081787,5407.916101695289
imagenet397,8471,80,1,1024,0.12088301263133042,661.796875,12.734375,105.34461975097656,327.5970564142898,107319.83137130737,2710.033852427196
imagenet397,8471,80,1,2048,0.24176602526266083,330.8984375,17.96875,74.32289123535156,326.8625952152034,106839.15615081787,1351.9790254238223
imagenet397,8471,80,1,4096,0.48353205052532167,165.44921875,25.3125,52.34916687011719,325.5872585221776,106007.0629119873,673.3519694681071
imagenet397,8471,80,1,8192,0.9670641010506433,82.724609375,35.625,36.83830261230469,324.0203117785494,104989.16244506836,335.05567151807765
imagenet397,8471,80,1,8471,1.0,80.0,36.25,36.25,324.2298567374695,105125.0,324.2298567374695
imagenet397,8471,80,2,1,0.00011804981702278361,677680.0,0.635986328125,5387.440185546875,523.55235089523,274107.06412792206,4435011.964433494
imagenet397,8471,80,2,2,0.00023609963404556722,338840.0,0.687255859375,2910.8721923828125,400.0513937090424,160041.1176085472,1694417.6780546491
imagenet397,8471,80,2,4,0.00047219926809113444,169420.0,0.75927734375,1607.9595947265625,312.52357222344824,97670.98319530487,661846.7950762075
imagenet397,8471,80,2,8,0.0009443985361822689,84710.0,0.8740234375,925.4815673828125,254.38436758052785,64711.40646934509,269361.24722183147
imagenet397,8471,80,2,16,0.0018887970723645378,42355.0,1.07421875,568.731689453125,221.0777681323428,48875.37956237793,117046.86086556726
imagenet397,8471,80,2,32,0.0037775941447290755,21177.5,1.376953125,364.50531005859375,200.38098228410294,40152.53806114197,53044.603154019875
imagenet397,8471,80,2,64,0.007555188289458151,10588.75,1.8310546875,242.3572540283203,188.41855238551943,35501.55088305473,24938.961832152112
imagenet397,8471,80,2,128,0.015110376578916302,5294.375,2.490234375,164.8029327392578,181.19556908668883,32831.83425664902,11991.466138541728
imagenet397,8471,80,2,256,0.030220753157832604,2647.1875,3.45703125,114.39262390136719,177.86711345193035,31636.710047721863,5885.594992387899
imagenet397,8471,80,2,512,0.06044150631566521,1323.59375,4.84375,80.13946533203125,176.22157307254443,31054.04281616211,2915.5721591748515
imagenet397,8471,80,2,1024,0.12088301263133042,661.796875,6.796875,56.22688293457031,174.85241661376205,30573.367595672607,1446.4597862648227
imagenet397,8471,80,2,2048,0.24176602526266083,330.8984375,9.5703125,39.585018157958984,174.08986049505395,30307.279527187347,720.0757852800791
imagenet397,8471,80,2,4096,0.48353205052532167,165.44921875,13.4765625,27.871084213256836,173.34506819467788,30048.512667417526,358.4975763371866
imagenet397,8471,80,2,8192,0.9670641010506433,82.724609375,18.90625,19.550151824951172,171.9581479175635,29569.604635238647,177.8146326916114
imagenet397,8471,80,2,8471,1.0,80.0,19.296875,19.296875,172.59649701326504,29789.55078125,172.59649701326504
imagenet397,8471,80,4,1,0.00011804981702278361,677680.0,0.523681640625,4436.107177734375,431.1016478580685,185848.63078594208,3651862.059005698
imagenet397,8471,80,4,2,0.00023609963404556722,338840.0,0.56121826171875,2377.0399475097656,326.6849525004125,106723.05819019675,1383674.1163154973
imagenet397,8471,80,4,4,0.00047219926809113444,169420.0,0.609130859375,1289.9868774414062,250.72228704099786,62861.66521906853,530967.1233810732
imagenet397,8471,80,4,8,0.0009443985361822689,84710.0,0.6744384765625,714.1460418701172,196.29519984391288,38531.805481761694,207852.07973472326
imagenet397,8471,80,4,16,0.0018887970723645378,42355.0,0.76904296875,407.1601867675781,158.27158400383632,25049.89430308342,83794.9117560311
imagenet397,8471,80,4,32,0.0037775941447290755,21177.5,0.914306640625,242.03411102294922,133.05439337836268,17703.47159728408,35221.992697128444
imagenet397,8471,80,4,64,0.007555188289458151,10588.75,1.13525390625,150.2614974975586,116.81950247902205,13646.79615944624,15462.156335934309
imagenet397,8471,80,4,128,0.015110376578916302,5294.375,1.4697265625,97.26604461669922,106.94091430410458,11436.359152197838,7077.316289609921
imagenet397,8471,80,4,256,0.030220753157832604,2647.1875,1.962890625,64.95174407958984,100.99234407863841,10199.453562498093,3341.820885508383
imagenet397,8471,80,4,512,0.06044150631566521,1323.59375,2.685546875,44.43216323852539,97.70349313497927,9545.97257077694,1616.496660832831
imagenet397,8471,80,4,1024,0.12088301263133042,661.796875,3.73046875,30.860157012939453,95.9678493483579,9209.828108549118,793.8902849901756
imagenet397,8471,80,4,2048,0.24176602526266083,330.8984375,5.205078125,21.52940273284912,94.68356698353445,8964.977856725454,391.63305464722674
imagenet397,8471,80,4,4096,0.48353205052532167,165.44921875,7.294921875,15.08673906326294,93.83243908798867,8804.526625201106,194.05629675643362
imagenet397,8471,80,4,8192,0.9670641010506433,82.724609375,10.15625,10.502147674560547,92.37421169125312,8532.994985580444,95.52025723103091
imagenet397,8471,80,4,8471,1.0,80.0,10.37109375,10.37109375,92.76188250409284,8604.766845703125,92.76188250409284
imagenet397,8471,80,8,1,0.00011804981702278361,677680.0,0.449981689453125,3811.794891357422,370.43087398993123,137219.0324049443,3137919.9335687077
imagenet397,8471,80,8,2,0.00023609963404556722,338840.0,0.4788970947265625,2028.3686447143555,278.76583018557494,77710.38807905279,1180712.6737510026
imagenet397,8471,80,8,4,0.00047219926809113444,169420.0,0.514068603515625,1088.6687850952148,211.59403432893833,44772.03536359593,448103.26620010915
imagenet397,8471,80,8,8,0.0009443985361822689,84710.0,0.558319091796875,591.190128326416,162.4986733549496,26405.818842118606,172065.78274872227
imagenet397,8471,80,8,16,0.0018887970723645378,42355.0,0.615997314453125,326.13207817077637,126.77428266339032,16071.71874481719,67119.05927759872
imagenet397,8471,80,8,32,0.0037775941447290755,21177.5,0.694580078125,183.86837005615234,101.07870471600583,10216.904547065496,26757.42836404017
imagenet397,8471,80,8,64,0.007555188289458151,10588.75,0.80718994140625,106.83915615081787,83.06117850994981,6899.15937546175,10993.92567434039
imagenet397,8471,80,8,128,0.015110376578916302,5294.375,0.9735107421875,64.42663669586182,70.83503252285998,5017.601832514629,4687.84031641521
imagenet397,8471,80,8,256,0.030220753157832604,2647.1875,1.22314453125,40.47366142272949,62.93179649676349,3960.411010310054,2082.403312984701
imagenet397,8471,80,8,512,0.06044150631566521,1323.59375,1.5966796875,26.416940689086914,58.08916773661495,3374.3514083325863,961.0807419860649
imagenet397,8471,80,8,1024,0.12088301263133042,661.796875,2.147216796875,17.76276707649231,55.23803894102144,3051.240946049802,456.9545194037038
imagenet397,8471,80,8,2048,0.24176602526266083,330.8984375,2.94189453125,12.168353796005249,53.514867830750006,2863.8410789426416,221.3498268526774
imagenet397,8471,80,8,4096,0.48353205052532167,165.44921875,4.0673828125,8.411816358566284,52.317551379045895,2737.1261822991073,108.19872503220161
imagenet397,8471,80,8,8192,0.9670641010506433,82.724609375,5.595703125,5.7862794399261475,50.89463778758466,2590.2641555294394,52.627987878250686
imagenet397,8471,80,8,8471,1.0,80.0,5.7080078125,5.7080078125,51.0539739393995,2606.508255004883,51.0539739393995
imagenet397-balanced,15086,80,1,1,6.628662335940607e-05,1206880.0,0.76904296875,11601.7822265625,844.8559189024652,713781.5237045288,12745496.39256259
imagenet397-balanced,15086,80,1,2,0.00013257324671881213,603440.0,0.8404541015625,6339.5452880859375,652.8765175383809,426247.74715304375,4924647.571792007
imagenet397-balanced,15086,80,1,4,0.00026514649343762427,301720.0,0.91796875,3462.1191406250005,504.2314690592491,254249.37438964844,1901708.985556958
imagenet397-balanced,15086,80,1,8,0.0005302929868752485,150860.0,1.07421875,2025.7080078125002,417.23408528233495,174084.28192138672,786799.1763211632
imagenet397-balanced,15086,80,1,16,0.001060585973750497,75430.0,1.3671875,1289.0869140625,375.49151951220676,140993.88122558594,354041.566460072
imagenet397-balanced,15086,80,1,32,0.002121171947500994,37715.0,1.81640625,856.3220214843751,352.75245392051954,124434.29374694824,166300.73499515495
imagenet397-balanced,15086,80,1,64,0.004242343895001988,18857.5,2.48046875,584.6929931640625,340.62444984321615,116025.01583099365,80291.56953648062
imagenet397-balanced,15086,80,1,128,0.008484687790003977,9428.75,3.4375,405.1416015625,333.78726822586793,111413.9404296875,39339.958816058155
imagenet397-balanced,15086,80,1,256,0.016969375580007953,4714.375,4.8046875,283.13873291015625,329.89612071429593,108831.45046234131,19440.675301155738
imagenet397-balanced,15086,80,1,512,0.033938751160015906,2357.1875,6.796875,200.26885986328125,329.99423108693765,108896.19255065918,9723.22845737801
imagenet397-balanced,15086,80,1,1024,0.06787750232003181,1178.59375,9.53125,140.41839599609375,327.2140384320659,107069.02694702148,4820.655257603658
imagenet397-balanced,15086,80,1,2048,0.13575500464006363,589.296875,13.4375,98.98345947265625,326.2011939480073,106407.21893310547,2402.86680268537
imagenet397-balanced,15086,80,1,4096,0.27151000928012725,294.6484375,19.0625,70.20919799804688,327.2140384320659,107069.02694702148,1205.1638144009146
imagenet397-balanced,15086,80,1,8192,0.5430200185602545,147.32421875,26.875,49.491729736328125,326.2011939480073,106407.21893310547,600.7167006713426
imagenet397-balanced,15086,80,1,15086,1.0,80.0,36.25,36.25,324.2298567374695,105125.0,324.2298567374695
imagenet397-balanced,15086,80,2,1,6.628662335940607e-05,1206880.0,0.6024169921875,9088.062744140625,661.8038031402644,437984.2738509178,9983972.17417403
imagenet397-balanced,15086,80,2,2,0.00013257324671881213,603440.0,0.643310546875,4852.491455078125,499.73264305406934,249732.71453380585,3769483.326556845
imagenet397-balanced,15086,80,2,4,0.00026514649343762427,301720.0,0.697021484375,2628.8165283203125,382.8672457883394,146587.32789754868,1443983.817490722
imagenet397-balanced,15086,80,2,8,0.0005302929868752485,150860.0,0.775146484375,1461.7324829101562,301.07232290259395,90644.54361796379,567747.1329135665
imagenet397-balanced,15086,80,2,16,0.001060585973750497,75430.0,0.90087890625,849.4161987304689,247.42209053572196,61217.690885066986,233288.10361386885
imagenet397-balanced,15086,80,2,32,0.002121171947500994,37715.0,1.11572265625,525.9934997558594,216.67724656139438,46949.02917742729,102149.77942578738
imagenet397-balanced,15086,80,2,64,0.004242343895001988,18857.5,1.4404296875,339.5362854003906,197.80356831446605,39126.25163793564,46626.009868625544
imagenet397-balanced,15086,80,2,128,0.008484687790003977,9428.75,1.923828125,226.7411804199219,186.80707909231813,34896.8847990036,22016.965587396186
imagenet397-balanced,15086,80,2,256,0.016969375580007953,4714.375,2.63671875,155.38101196289062,181.04055405052827,32775.68221092224,10668.663275024492
imagenet397-balanced,15086,80,2,512,0.033938751160015906,2357.1875,3.65234375,107.61573791503908,177.32448624499233,31443.973422050476,5224.838280257723
imagenet397-balanced,15086,80,2,1024,0.06787750232003181,1178.59375,5.1171875,75.38856506347656,175.67638948606816,30862.193822860718,2588.138683385571
imagenet397-balanced,15086,80,2,2048,0.13575500464006363,589.296875,7.1875,52.94464111328126,174.4797083907946,30443.16864013672,1285.2543363200818
imagenet397-balanced,15086,80,2,4096,0.27151000928012725,294.6484375,10.1171875,37.26266860961914,173.66482777439563,30159.472405910492,639.6258769054035
imagenet397-balanced,15086,80,2,8192,0.5430200185602545,147.32421875,14.296875,26.32844924926758,173.531449106062,30113.163828849792,319.56731460132465
imagenet397-balanced,15086,80,2,15086,1.0,80.0,19.296875,19.296875,172.59649701326504,29789.55078125,172.59649701326504
imagenet397-balanced,15086,80,4,1,6.628662335940607e-05,1206880.0,0.49835205078125,7518.139038085938,547.4800458602086,299734.4006150961,8259283.971847108
imagenet397-balanced,15086,80,4,2,0.00013257324671881213,603440.0,0.52947998046875,3993.8674926757817,411.3074647527563,169173.83056133986,3102492.206630041
imagenet397-balanced,15086,80,4,4,0.00026514649343762427,301720.0,0.56854248046875,2144.2579650878906,312.2949557371613,97528.1393788755,1177820.4255627037
imagenet397-balanced,15086,80,4,8,0.0005302929868752485,150860.0,0.618896484375,1167.0840454101562,240.38372867970887,57784.337013959885,453303.616357761
imagenet397-balanced,15086,80,4,16,0.001060585973750497,75430.0,0.6878662109375,648.5718536376953,188.91917075457903,35690.453078597784,178127.1631252237
imagenet397-balanced,15086,80,4,32,0.002121171947500994,37715.0,0.7891845703125,372.0512008666992,153.26240689490314,23489.365367218852,72253.6459505159
imagenet397-balanced,15086,80,4,64,0.004242343895001988,18857.5,0.946044921875,223.00052642822268,129.91336054551797,16877.481248229742,30623.014956088817
imagenet397-balanced,15086,80,4,128,0.008484687790003977,9428.75,1.182861328125,139.41129684448242,114.85790586323368,13192.338539287448,13537.080998849558
imagenet397-balanced,15086,80,4,256,0.016969375580007953,4714.375,1.5380859375,90.63892364501953,105.60698986280815,11152.836307883263,6223.386910430952
imagenet397-balanced,15086,80,4,512,0.033938751160015906,2357.1875,2.0654296875,60.857563018798835,100.27841936047027,10055.761389434338,2954.6879579532315
imagenet397-balanced,15086,80,4,1024,0.06787750232003181,1178.59375,2.8369140625,41.79461479187012,97.39311287347863,9485.418435186148,1434.8364265715807
imagenet397-balanced,15086,80,4,2048,0.13575500464006363,589.296875,3.9453125,29.062004089355472,95.77418775799052,9172.69504070282,705.4928693930884
imagenet397-balanced,15086,80,4,4096,0.27151000928012725,294.6484375,5.5078125,20.28585433959961,94.5434004486092,8938.454568386078,348.2133152264938
imagenet397-balanced,15086,80,4,8192,0.5430200185602545,147.32421875,7.71484375,14.20729160308838,93.6406043673422,8768.562786281109,172.44411102120662
imagenet397-balanced,15086,80,4,15086,1.0,80.0,10.37109375,10.37109375,92.76188250409284,8604.766845703125,92.76188250409284
imagenet397-balanced,15086,80,8,1,6.628662335940607e-05,1206880.0,0.4297637939453125,6483.416595458984,472.1302967438082,222907.01710339636,7122557.656677091
imagenet397-balanced,15086,80,8,2,0.00013257324671881213,603440.0,0.454559326171875,3428.7409973144536,353.10805115229425,124685.29578857124,2663494.0298417555
imagenet397-balanced,15086,80,8,4,0.00026514649343762427,301720.0,0.48431396484375,1826.5901184082034,266.0290363686929,70771.44819125533,1003328.5106645254
imagenet397-balanced,15086,80,8,8,0.0005302929868752485,150860.0,0.520782470703125,982.0655441284181,202.27555867451832,40915.40163708851,381441.13477047294
imagenet397-balanced,15086,80,8,16,0.001060585973750497,75430.0,0.566864013671875,534.4819068908691,155.68649497632234,24238.284718012437,146792.90395079993
imagenet397-balanced,15086,80,8,32,0.002121171947500994,37715.0,0.62744140625,295.7994079589844,121.85131808813645,14847.743719816208,57445.280771175836
imagenet397-balanced,15086,80,8,64,0.004242343895001988,18857.5,0.71075439453125,167.5381374359131,97.60265055177786,9526.27739473246,23006.774784751888
imagenet397-balanced,15086,80,8,128,0.008484687790003977,9428.75,0.8306884765625,97.9044246673584,80.66130540756504,6506.2461900524795,9506.691042019736
imagenet397-balanced,15086,80,8,256,0.016969375580007953,4714.375,1.00830078125,59.41884994506837,69.23124891006312,4792.965825647116,4079.7758635047353
imagenet397-balanced,15086,80,8,512,0.033938751160015906,2357.1875,1.275634765625,37.586379051208496,61.93318453409659,3835.719346534461,1824.8516052370726
imagenet397-balanced,15086,80,8,1024,0.06787750232003181,1178.59375,1.6748046875,24.67392921447754,57.49713892530666,3305.920984596014,847.0721072531019
imagenet397-balanced,15086,80,8,2048,0.13575500464006363,589.296875,2.261962890625,16.66209578514099,54.91013920654592,3015.1233876822516,404.4796680029062
imagenet397-balanced,15086,80,8,4096,0.27151000928012725,294.6484375,3.10546875,11.437768936157227,53.30638535932221,2841.570720076561,196.3330394362146
imagenet397-balanced,15086,80,8,8192,0.5430200185602545,147.32421875,4.29443359375,7.908425927162171,52.12462755764397,2716.976798023097,95.99025040705773
imagenet397-balanced,15086,80,8,15086,1.0,80.0,5.7080078125,5.7080078125,51.0539739393995,2606.508255004883,51.0539739393995
svhn_cropped,7320,80,1,1,0.0001366120218579235,585600.0,0.84228515625,6165.52734375,644.554553911094,415450.5729675293,4718139.334629208
svhn_cropped,7320,80,1,2,0.000273224043715847,292800.0,0.9228515625,3377.63671875,499.3641816114416,249364.58587646484,1827672.9046978762
svhn_cropped,7320,80,1,4,0.000546448087431694,146400.0,1.083984375,1983.69140625,414.75684338626917,172023.2391357422,759005.0233968726
svhn_cropped,7320,80,1,8,0.001092896174863388,73200.0,1.38671875,1268.84765625,375.18367084034236,140762.78686523438,343293.05881891324
svhn_cropped,7320,80,1,16,0.002185792349726776,36600.0,1.845703125,844.4091796875,353.10379909912103,124682.29293823242,161544.9880878479
svhn_cropped,7320,80,1,32,0.004371584699453552,18300.0,2.51953125,576.3427734375,340.8358699887617,116169.0902709961,77966.20525992924
svhn_cropped,7320,80,1,64,0.008743169398907104,9150.0,3.4765625,397.6318359375,332.55278433673834,110591.35437011719,38035.72470851445
svhn_cropped,7320,80,1,128,0.017486338797814208,4575.0,4.8828125,279.23583984375,330.26731588058306,109076.49993896484,18887.162126920844
svhn_cropped,7320,80,1,256,0.034972677595628415,2287.5,6.875,196.58203125,328.8162361981233,108120.1171875,9402.089253790089
svhn_cropped,7320,80,1,512,0.06994535519125683,1143.75,9.6875,138.5009765625,327.6251773535384,107338.2568359375,4684.016207476369
svhn_cropped,7320,80,1,1024,0.13989071038251366,571.875,13.671875,97.7325439453125,326.9479621288158,106894.96994018555,2337.1670730302067
svhn_cropped,7320,80,1,2048,0.2797814207650273,285.9375,19.375,69.25048828125,327.6251773535384,107338.2568359375,1171.0040518690923
svhn_cropped,7320,80,1,4096,0.5595628415300546,142.96875,27.1875,48.5870361328125,325.07968805950827,105676.80358886719,580.9529581532228
svhn_cropped,7320,80,1,7320,1.0,80.0,36.25,36.25,324.2298567374695,105125.0,324.2298567374695
svhn_cropped,7320,80,2,1,0.0001366120218579235,585600.0,0.64453125,4717.96875,493.2243542971849,243270.263671875,3610402.2734553935
svhn_cropped,7320,80,2,2,0.000273224043715847,292800.0,0.699462890625,2560.0341796875,378.4863439991482,143251.91259384155,1385260.0190368823
svhn_cropped,7320,80,2,4,0.000546448087431694,146400.0,0.77880859375,1425.2197265625,297.9897140545492,88797.86968231201,545321.176719825
svhn_cropped,7320,80,2,8,0.001092896174863388,73200.0,0.908203125,831.005859375,245.7188830151538,60377.769470214844,224832.77795886574
svhn_cropped,7320,80,2,16,0.002185792349726776,36600.0,1.1279296875,516.02783203125,215.7856550050184,46563.448905944824,98721.93716479592
svhn_cropped,7320,80,2,32,0.004371584699453552,18300.0,1.4599609375,333.966064453125,197.4998548965887,39006.192684173584,45178.09180759466
svhn_cropped,7320,80,2,64,0.008743169398907104,9150.0,1.953125,223.388671875,186.82740693075186,34904.47998046875,21368.384667704744
svhn_cropped,7320,80,2,128,0.017486338797814208,4575.0,2.666015625,152.4627685546875,180.32595447079837,32517.449855804443,10312.390521298781
svhn_cropped,7320,80,2,256,0.034972677595628415,2287.5,3.7109375,106.109619140625,177.48603658421428,31501.293182373047,5074.991358579877
svhn_cropped,7320,80,2,512,0.06994535519125683,1143.75,5.1953125,74.2767333984375,175.7022120484702,30871.267318725586,2511.992562880472
svhn_cropped,7320,80,2,1024,0.13989071038251366,571.875,7.3046875,52.21710205078125,174.683625480253,30514.369010925293,1248.714979018996
svhn_cropped,7320,80,2,2048,0.2797814207650273,285.9375,10.2734375,36.719512939453125,173.7206081531867,30178.849697113037,620.9154549225228
svhn_cropped,7320,80,2,4096,0.5595628415300546,142.96875,14.453125,25.829315185546875,172.81535141094548,29865.145683288574,308.83993465042016
svhn_cropped,7320,80,2,7320,1.0,80.0,19.296875,19.296875,172.59649701326504,29789.55078125,172.59649701326504
svhn_cropped,7320,80,4,1,0.0001366120218579235,585600.0,0.531005859375,3886.962890625,406.3496100743853,165120.00560760498,2974479.1457445
svhn_cropped,7320,80,4,2,0.000273224043715847,292800.0,0.57037353515625,2087.567138671875,308.6348066904049,95255.4439008236,1129603.392486882
svhn_cropped,7320,80,4,4,0.000546448087431694,146400.0,0.621337890625,1137.04833984375,237.73787531938174,56519.2973613739,435060.31183446856
svhn_cropped,7320,80,4,8,0.001092896174863388,73200.0,0.69122314453125,632.4691772460938,187.01386761738016,34974.186681210995,171117.68886990283
svhn_cropped,7320,80,4,16,0.002185792349726776,36600.0,0.794677734375,363.5650634765625,152.03080238989932,23113.36487531662,69554.09209337895
svhn_cropped,7320,80,4,32,0.004371584699453552,18300.0,0.95458984375,218.3624267578125,129.13452050930798,16675.724387168884,29539.521566504198
svhn_cropped,7320,80,4,64,0.008743169398907104,9150.0,1.195068359375,136.68594360351562,114.3150196157538,13067.923709750175,13074.780368551841
svhn_cropped,7320,80,4,128,0.017486338797814208,4575.0,1.5576171875,89.07623291015625,105.355273765906,11099.733710289001,6025.004718487749
svhn_cropped,7320,80,4,256,0.034972677595628415,2287.5,2.0947265625,59.896087646484375,100.18619696661568,10037.274062633514,2864.699069514167
svhn_cropped,7320,80,4,512,0.06994535519125683,1143.75,2.8759765625,41.11747741699219,97.26372452683171,9460.232108831406,1390.5673115945472
svhn_cropped,7320,80,4,1024,0.13989071038251366,571.875,3.9990234375,28.586769104003906,95.63227892267861,9145.532771945,683.6213688613353
svhn_cropped,7320,80,4,2048,0.2797814207650273,285.9375,5.5859375,19.965362548828125,94.45645234184676,8922.021389007568,337.60802301871007
svhn_cropped,7320,80,4,4096,0.5595628415300546,142.96875,7.8125,13.9617919921875,93.41370346537593,8726.119995117188,166.9405052164433
svhn_cropped,7320,80,4,7320,1.0,80.0,10.37109375,10.37109375,92.76188250409284,8604.766845703125,92.76188250409284
svhn_cropped,7320,80,8,1,0.0001366120218579235,585600.0,0.4557037353515625,3335.7513427734375,348.72503174918154,121609.14776846766,2552667.232404009
svhn_cropped,7320,80,8,2,0.000273224043715847,292800.0,0.485687255859375,1777.6153564453125,262.810216611974,69069.20995563269,961885.3927998248
svhn_cropped,7320,80,8,4,0.000546448087431694,146400.0,0.522613525390625,956.3827514648438,199.96370898057035,39985.48490926623,365933.5874344437
svhn_cropped,7320,80,8,8,0.001092896174863388,73200.0,0.56915283203125,520.7748413085938,153.98713602932185,23712.038062512875,140898.22946682948
svhn_cropped,7320,80,8,16,0.002185792349726776,36600.0,0.6304931640625,288.45062255859375,120.62044459966667,14549.291655421257,55183.8534043475
svhn_cropped,7320,80,8,32,0.004371584699453552,18300.0,0.71502685546875,163.56239318847656,96.72704013852577,9356.120293959975,22126.31043168777
svhn_cropped,7320,80,8,64,0.008743169398907104,9150.0,0.8367919921875,95.70808410644531,80.04386715689401,6407.020669430494,9155.017306069753
svhn_cropped,7320,80,8,128,0.017486338797814208,4575.0,1.01806640625,58.220672607421875,68.86073536110158,4741.800874471664,3937.9733034629962
svhn_cropped,7320,80,8,256,0.034972677595628415,2287.5,1.290283203125,36.89403533935547,61.71142785181397,3808.3003275096416,1764.5611401378058
svhn_cropped,7320,80,8,512,0.06994535519125683,1143.75,1.695556640625,24.241161346435547,57.34266271976624,3288.1809677928686,819.8208810716579
svhn_cropped,7320,80,8,1024,0.13989071038251366,571.875,2.29248046875,16.387653350830078,54.8221672212425,3005.4700188338757,391.8928359956007
svhn_cropped,7320,80,8,2048,0.2797814207650273,285.9375,3.14697265625,11.247968673706055,53.214321271258946,2831.7639883607626,190.19962485625757
svhn_cropped,7320,80,8,4096,0.5595628415300546,142.96875,4.345703125,7.766246795654297,51.961372552615366,2699.984237551689,92.8606560266466
svhn_cropped,7320,80,8,7320,1.0,80.0,5.7080078125,5.7080078125,51.0539739393995,2606.508255004883,51.0539739393995
cassava,5656,80,1,1,0.0001768033946251768,452480.0,0.86181640625,4874.43359375,579.7148845610157,336069.3473815918,3278867.3870771043
cassava,5656,80,1,2,0.0003536067892503536,226240.0,0.9716796875,2747.91015625,462.17645824105546,213607.0785522461,1307035.0239057047
cassava,5656,80,1,4,0.0007072135785007072,113120.0,1.181640625,1670.83984375,397.4249350248323,157946.5789794922,561958.8581251128
cassava,5656,80,1,8,0.0014144271570014145,56560.0,1.533203125,1083.974609375,364.63167810977745,132956.26068115234,257794.59642361265
cassava,5656,80,1,16,0.002828854314002829,28280.0,2.0703125,731.85546875,348.1573810961341,121213.56201171875,123073.6342174834
cassava,5656,80,1,32,0.005657708628005658,14140.0,2.83203125,500.5615234375,336.76174092941227,113408.4701538086,59522.637709273615
cassava,5656,80,1,64,0.011315417256011316,7070.0,3.9453125,348.6669921875,331.7348631199013,110048.01940917969,29317.06852822128
cassava,5656,80,1,128,0.02263083451202263,3535.0,5.546875,245.1025390625,329.794256634321,108764.25170898438,14572.78371502906
cassava,5656,80,1,256,0.04526166902404526,1767.5,7.8125,172.607421875,328.4503595246548,107879.638671875,7256.700130747842
cassava,5656,80,1,512,0.09052333804809053,883.75,11.015625,121.688232421875,327.47176186929056,107237.75482177734,3617.539619399819
cassava,5656,80,1,1024,0.18104667609618105,441.875,15.546875,85.8721923828125,326.80810772703154,106803.53927612305,1805.1041575235256
cassava,5656,80,1,2048,0.3620933521923621,220.9375,21.875,60.41259765625,325.1492671042601,105722.0458984375,897.9708275105933
cassava,5656,80,1,4096,0.7241867043847242,110.46875,30.9375,42.7203369140625,325.1658559294082,105732.83386230469,449.00832059002266
cassava,5656,80,1,5656,1.0,80.0,36.25,36.25,324.2298567374695,105125.0,324.2298567374695
cassava,5656,80,2,1,0.0001768033946251768,452480.0,0.662841796875,3749.033203125,445.87136305471887,198801.27239227295,2521848.4294374897
cassava,5656,80,2,2,0.0003536067892503536,226240.0,0.726318359375,2054.0283203125,345.4710962982764,119350.27837753296,976992.2603315256
cassava,5656,80,2,4,0.0007072135785007072,113120.0,0.819091796875,1158.19580078125,275.48773905130423,75893.49436759949,389539.66301854415
cassava,5656,80,2,8,0.0014144271570014145,56560.0,0.97900390625,692.15576171875,232.83010019430057,54209.85555648804,164610.8808373705
cassava,5656,80,2,16,0.002828854314002829,28280.0,1.2353515625,436.69677734375,207.74485239934415,43157.92369842529,73437.80532316816
cassava,5656,80,2,32,0.005657708628005658,14140.0,1.62109375,286.5283203125,192.76706549752564,37159.141540527344,34071.578826687655
cassava,5656,80,2,64,0.011315417256011316,7070.0,2.1875,193.3203125,183.9322013338067,33831.0546875,16255.008292875165
cassava,5656,80,2,128,0.02263083451202263,3535.0,3.0078125,132.90771484375,178.83209690734307,31980.918884277344,7902.143282093221
cassava,5656,80,2,256,0.04526166902404526,1767.5,4.19921875,92.7764892578125,176.54206824450196,31167.101860046387,3900.476320276965
cassava,5656,80,2,512,0.09052333804809053,883.75,5.8984375,65.1593017578125,175.34835475979742,30747.045516967773,1937.0513564871371
cassava,5656,80,2,1024,0.18104667609618105,441.875,8.28125,45.740966796875,174.07869054806704,30303.390502929688,961.512767324089
cassava,5656,80,2,2048,0.3620933521923621,220.9375,11.6796875,32.256011962890625,173.6064836860246,30139.211177825928,479.4522811172632
cassava,5656,80,2,4096,0.7241867043847242,110.46875,16.40625,22.65472412109375,172.43643875044376,29734.325408935547,238.11047304016353
cassava,5656,80,2,5656,1.0,80.0,19.296875,19.296875,172.59649701326504,29789.55078125,172.59649701326504
cassava,5656,80,4,1,0.0001768033946251768,452480.0,0.54443359375,3079.31640625,366.2221508699901,134118.6637878418,2071352.485320664
cassava,5656,80,4,2,0.0003536067892503536,226240.0,0.5877685546875,1662.20947265625,279.57030734053797,78159.55674648285,790624.8291590413
cassava,5656,80,4,4,0.0007072135785007072,113120.0,0.64453125,911.3671875,216.77723728627217,46992.37060546875,306523.0135227888
cassava,5656,80,4,8,0.0014144271570014145,56560.0,0.7244873046875,512.2125244140625,172.300080380695,29687.317699193954,121816.15682915135
cassava,5656,80,4,16,0.002828854314002829,28280.0,0.845947265625,299.0423583984375,142.2600619691161,20237.925231456757,50288.93190608254
cassava,5656,80,4,32,0.005657708628005658,14140.0,1.03271484375,182.5323486328125,122.80191070098397,15080.309271812439,21705.237716398915
cassava,5656,80,4,64,0.011315417256011316,7070.0,1.3134765625,116.0784912109375,110.44143339016517,12197.310209274292,9760.261675855847
cassava,5656,80,4,128,0.02263083451202263,3535.0,1.7333984375,76.59454345703125,103.0607051982253,10621.508955955505,4553.994910946581
cassava,5656,80,4,256,0.04526166902404526,1767.5,2.353515625,51.99798583984375,98.94567080680226,9790.245771408081,2186.0809143877873
cassava,5656,80,4,512,0.09052333804809053,883.75,3.2470703125,35.86997985839844,96.52868867157723,9317.787736654282,1066.3403576688297
cassava,5656,80,4,1024,0.18104667609618105,441.875,4.53125,25.028076171875,95.25060426214989,9072.677612304688,526.1107594792185
cassava,5656,80,4,2048,0.3620933521923621,220.9375,6.328125,17.47650146484375,94.06103798373239,8847.478866577148,259.77013224413594
cassava,5656,80,4,4096,0.7241867043847242,110.46875,8.8671875,12.244338989257812,93.1977895151208,8685.82797050476,128.69304138123127
cassava,5656,80,4,5656,1.0,80.0,10.37109375,10.37109375,92.76188250409284,8604.766845703125,92.76188250409284
cassava,5656,80,8,1,0.0001768033946251768,452480.0,0.46630859375,2637.44140625,313.67009334604535,98388.9274597168,1774118.0479652325
cassava,5656,80,8,2,0.0003536067892503536,226240.0,0.4986572265625,1410.20263671875,237.1847778787326,56256.61885738373,670758.5518410557
cassava,5656,80,8,4,0.0007072135785007072,113120.0,0.53863525390625,761.6302490234375,181.1609014253174,32819.272205233574,256161.5146153988
cassava,5656,80,8,8,0.0014144271570014145,56560.0,0.58990478515625,417.06268310546875,140.2931994001194,19682.181797921658,99187.29197588441
cassava,5656,80,8,16,0.002828854314002829,28280.0,0.6585693359375,232.80426025390625,110.74935560221954,12265.419766306877,39149.89720538461
cassava,5656,80,8,32,0.005657708628005658,14140.0,0.7550048828125,133.44711303710938,89.77893826070753,8060.257755219936,15868.427337580057
cassava,5656,80,8,64,0.011315417256011316,7070.0,0.89599609375,79.18365478515625,75.33830121596769,5675.85963010788,6658.022369961144
cassava,5656,80,8,128,0.02263083451202263,3535.0,1.1065673828125,48.896446228027344,65.79192201562763,4328.577002510428,2907.180554065546
cassava,5656,80,8,256,0.04526166902404526,1767.5,1.422119140625,31.419944763183594,59.78822950722232,3574.6323876082897,1320.9461956751932
cassava,5656,80,8,512,0.09052333804809053,883.75,1.89208984375,20.90167999267578,56.24792009058071,3163.8285145163536,621.3637422506338
cassava,5656,80,8,1024,0.18104667609618105,441.875,2.57568359375,14.226627349853516,54.14298895289231,2931.4632527530193,299.0554155444911
cassava,5656,80,8,2048,0.3620933521923621,220.9375,3.5498046875,9.80356216430664,52.76417794303507,2784.0584740042686,145.7198195536164
cassava,5656,80,8,4096,0.7241867043847242,110.46875,4.9072265625,6.776189804077148,51.57697051910595,2660.1838879287243,71.22054327540606
cassava,5656,80,8,5656,1.0,80.0,5.7080078125,5.7080078125,51.0539739393995,2606.508255004883,51.0539739393995
patch_camelyon,5897,80,1,1,0.00016957775139901646,471760.0,0.85693359375,5053.33740234375,588.5830157673066,346429.96644973755,3470874.043979807
patch_camelyon,5897,80,1,2,0.0003391555027980329,235880.0,0.96435546875,2843.402099609375,468.3631381407835,219364.02916908264,1380968.7128081
patch_camelyon,5897,80,1,4,0.0006783110055960658,117940.0,1.162109375,1713.23974609375,399.09617593338737,159277.75764465332,588367.5373697963
patch_camelyon,5897,80,1,8,0.0013566220111921317,58970.0,1.513671875,1115.765380859375,367.5761337307415,135112.21408843994,270949.5575762728
patch_camelyon,5897,80,1,16,0.0027132440223842634,29485.0,2.03125,748.642578125,348.789935269515,121654.4189453125,128550.89051777062
patch_camelyon,5897,80,1,32,0.005426488044768527,14742.5,2.7734375,511.09252929687494,336.74716767590513,113398.65493774414,62056.18899327539
patch_camelyon,5897,80,1,64,0.010852976089537053,7371.25,3.8671875,356.3250732421875,332.0211883815576,110238.06953430176,30592.63981071945
patch_camelyon,5897,80,1,128,0.021705952179074107,3685.625,5.4296875,250.14739990234372,329.6327908940198,108657.77683258057,15186.285686734647
patch_camelyon,5897,80,1,256,0.043411904358148214,1842.8125,7.65625,176.3629150390625,328.6674390039661,108022.28546142578,7570.9058117437025
patch_camelyon,5897,80,1,512,0.08682380871629643,921.40625,10.78125,124.17388916015624,327.2613319667247,107099.97940063477,3769.257958218311
patch_camelyon,5897,80,1,1024,0.17364761743259285,460.703125,15.234375,87.73155212402344,326.99056431517033,106922.82915115356,1883.0696853189056
patch_camelyon,5897,80,1,2048,0.3472952348651857,230.3515625,21.5625,62.08694458007812,327.2613319667247,107099.97940063477,942.3144895545778
patch_camelyon,5897,80,1,4096,0.6945904697303714,115.17578125,30.3125,43.64082336425781,325.3136896263746,105828.9966583252,468.3532294254714
patch_camelyon,5897,80,1,5897,1.0,80.0,36.25,36.25,324.2298567374695,105125.0,324.2298567374695
patch_camelyon,5897,80,2,1,0.00016957775139901646,471760.0,0.660400390625,3894.3811035156245,453.59460331924913,205748.06416034698,2674847.375773612
patch_camelyon,5897,80,2,2,0.0003391555027980329,235880.0,0.721435546875,2127.1527099609375,350.38305650785196,122768.28628778458,1033104.4421134015
patch_camelyon,5897,80,2,4,0.0006783110055960658,117940.0,0.81298828125,1198.5479736328125,279.19963568449157,77952.43656635284,411610.06290786166
patch_camelyon,5897,80,2,8,0.0013566220111921317,58970.0,0.966796875,712.650146484375,234.77443380221553,55119.03476715088,173058.10451645812
patch_camelyon,5897,80,2,16,0.0027132440223842634,29485.0,1.2158203125,448.10577392578125,208.77089875507028,43585.28816699982,76945.12437241558
patch_camelyon,5897,80,2,32,0.005426488044768527,14742.5,1.591796875,293.33831787109375,193.2739025745512,37354.801416397095,35616.75635881651
patch_camelyon,5897,80,2,64,0.010852976089537053,7371.25,2.1484375,197.9583740234375,184.45621576753197,34024.09553527832,16995.91100595525
patch_camelyon,5897,80,2,128,0.021705952179074107,3685.625,2.94921875,135.87142944335938,179.04514901078053,32057.165384292603,8248.665966535724
patch_camelyon,5897,80,2,256,0.043411904358148214,1842.8125,4.12109375,94.93003845214844,176.91027966795113,31297.247052192688,4075.155934382452
patch_camelyon,5897,80,2,512,0.08682380871629643,921.40625,5.78125,66.58599853515625,175.48796061983788,30796.024322509766,2021.196296435906
patch_camelyon,5897,80,2,1024,0.17364761743259285,460.703125,8.125,46.7901611328125,174.3949676347575,30413.604736328125,1004.303832170083
patch_camelyon,5897,80,2,2048,0.3472952348651857,230.3515625,11.4453125,32.955570220947266,173.70936642436655,30174.94398355484,500.1777997092234
patch_camelyon,5897,80,2,4096,0.6945904697303714,115.17578125,16.09375,23.170127868652344,172.71809294596176,29831.539630889893,248.66176613826573
patch_camelyon,5897,80,2,5897,1.0,80.0,19.296875,19.296875,172.59649701326504,29789.55078125,172.59649701326504
patch_camelyon,5897,80,4,1,0.00016957775139901646,471760.0,0.54229736328125,3197.9275512695312,372.47579024875495,138738.2143214345,2196489.7350969077
patch_camelyon,5897,80,4,2,0.0003391555027980329,235880.0,0.584716796875,1724.0374755859375,283.982206543589,80645.89363336563,837321.535993772
patch_camelyon,5897,80,4,4,0.0006783110055960658,117940.0,0.64056396484375,944.3514251708983,219.98499823639185,48393.39944906533,324312.8836500007
patch_camelyon,5897,80,4,8,0.0013566220111921317,58970.0,0.718994140625,529.9885559082031,174.5986635221022,30484.69330370426,128701.03984872959
patch_camelyon,5897,80,4,16,0.0027132440223842634,29485.0,0.83740234375,308.6351013183594,143.79200456423516,20676.14057660103,52996.34068220592
patch_camelyon,5897,80,4,32,0.005426488044768527,14742.5,1.019287109375,187.83550262451172,123.76051276821337,15316.664520651102,22806.74199356732
patch_camelyon,5897,80,4,64,0.010852976089537053,7371.25,1.2939453125,119.2249298095703,111.09294813271812,12341.643124818802,10236.17367404123
patch_camelyon,5897,80,4,128,0.021705952179074107,3685.625,1.7041015625,78.50849151611328,103.45489570324902,10702.915444970131,4766.1993747035895
patch_camelyon,5897,80,4,256,0.043411904358148214,1842.8125,2.3095703125,53.20131301879883,99.14521597504844,9829.773850739002,2283.8255414252367
patch_camelyon,5897,80,4,512,0.08682380871629643,921.40625,3.18359375,36.66728973388672,96.6369512872756,9338.700354099274,1113.0236362130158
patch_camelyon,5897,80,4,1024,0.17364761743259285,460.703125,4.43359375,25.53213119506836,95.16263858915855,9055.927783250809,548.0215622658866
patch_camelyon,5897,80,4,2048,0.3472952348651857,230.3515625,6.2109375,17.883739471435547,94.26549235998048,8885.983049869537,271.42754318691647
patch_camelyon,5897,80,4,4096,0.6945904697303714,115.17578125,8.69140625,12.512993812561035,93.27615456426334,8700.441010296345,134.28942467418477
patch_camelyon,5897,80,4,5897,1.0,80.0,10.37109375,10.37109375,92.76188250409284,8604.766845703125,92.76188250409284
patch_camelyon,5897,80,8,1,0.00016957775139901646,471760.0,0.464630126953125,2739.923858642578,319.13021421144026,101844.09362263978,1881910.8732048632
patch_camelyon,5897,80,8,2,0.0003391555027980329,235880.0,0.496368408203125,1463.542251586914,241.07362157784317,58116.49102065712,710805.5732222706
patch_camelyon,5897,80,8,4,0.0006783110055960658,117940.0,0.535888671875,790.0338745117188,184.03699709533305,33869.61629986763,271316.54296779475
patch_camelyon,5897,80,8,8,0.0013566220111921317,58970.0,0.586395263671875,432.24660873413086,142.39869777492333,20277.389127993956,104965.64009734035
patch_camelyon,5897,80,8,16,0.0027132440223842634,29485.0,0.65399169921875,241.03681564331052,112.29820181529007,12610.88613094762,41388.90600654784
patch_camelyon,5897,80,8,32,0.005426488044768527,14742.5,0.748291015625,137.89600372314453,90.85652015199376,8254.907254129648,16743.1531042596
patch_camelyon,5897,80,8,64,0.010852976089537053,7371.25,0.8856201171875,81.60159111022949,76.03578667008208,5781.440854538232,7005.984906148031
patch_camelyon,5897,80,8,128,0.021705952179074107,3685.625,1.09130859375,50.27692794799805,66.25263378130704,4389.411482959986,3052.2795422528716
patch_camelyon,5897,80,8,256,0.043411904358148214,1842.8125,1.400146484375,32.25259304046631,60.105477126522494,3612.6683806069195,1384.5390570902466
patch_camelyon,5897,80,8,512,0.08682380871629643,921.40625,1.85791015625,21.398625373840332,56.39625761473675,3180.5378729477525,649.5483030353566
patch_camelyon,5897,80,8,1024,0.17364761743259285,460.703125,2.52685546875,14.551627635955809,54.23641571573739,2941.588789690286,312.3360776129916
patch_camelyon,5897,80,8,2048,0.3472952348651857,230.3515625,3.48388671875,10.031484365463257,52.876123269533075,2795.884412014857,152.2512201759944
patch_camelyon,5897,80,8,4096,0.6945904697303714,115.17578125,4.8193359375,6.938384771347046,51.72110368254377,2675.072566140443,74.46273154686538
patch_camelyon,5897,80,8,5897,1.0,80.0,5.7080078125,5.7080078125,51.0539739393995,2606.508255004883,51.0539739393995
